"Missing Item",,,,,,,,,,,,,,,,,,,,,,,,,CTRL + F to search,
,,,,,,,,,,,,,,,,,,,,,,,,,,
Missing Items,,Collected Items,,Missing Potions,,Collected Potions,,Missing Enchants,,Collected Enchants,,Missing Templates,,Collected Templates,,Missing Pottery,,Collected Pottery,,,,Total Items Missing,,,,
1432,,0,,136,,0,,43,,0,,19,,0,,48,,0,,,,1678,,,,
,,,,,,,,,,,,,,,,,,,,,,,,,,
Name of Item,,Do You Have The Item?,,Name of Potion,,Do You Have The Potion?,,Name of Enchanted Book,,Do You Have The Enchant?,,Name of Smithing Template,,Do You Have The Template?,,Name of Pottery,,Do You Have The Pottery?,,,,,,,,How To Use The Checklist 
Acacia Boat,,FALSE,,Water Bottle,,FALSE,,Aqua Affinity I,,FALSE,,Bolt Armor Trim,,FALSE,,Angler Pottery Sherd,,FALSE,,,,Key,,,,
Acacia Boat with Chest,,FALSE,,Awkward Potion,,FALSE,,Bane of Arthropods V,,FALSE,,Coast Armor Trim,,FALSE,,Archer Pottery Sherd,,FALSE,,,,Yes,,,,
Acacia Button,,FALSE,,Mundane Potion,,FALSE,,Blast Protection IV,,FALSE,,Dune Armor Trim,,FALSE,,Arms Up Pottery Sherd,,FALSE,,,,No,,,,
Acacia Door,,FALSE,,Thick Potion,,FALSE,,Breach IV,,FALSE,,Eye Armor Trim,,FALSE,,Blade Pottery Sherd,,FALSE,,,,"""+""",Time Increase,,,
Acacia Fence,,FALSE,,Potion of Regeneration,,FALSE,,Channeling I,,FALSE,,Flow Armor Trim,,FALSE,,Brewer Pottery Sherd,,FALSE,,,,[JE],Java Edition,,,
Acacia Fence Gate,,FALSE,,Potion of Regeneration +,,FALSE,,Curse of Binding I,,FALSE,,Host Armor Trim,,FALSE,,Burn Pottery Sherd,,FALSE,,,,[BE],Bedrock Edition,,,
Acacia Hanging Sign,,FALSE,,Potion of Regeneration II,,FALSE,,Curse of Vanishing I,,FALSE,,Netherite Upgrade,,FALSE,,Danger Pottery Sherd,,FALSE,,,,,,,,
Acacia Leaves,,FALSE,,Potion of Swiftness,,FALSE,,Density V,,FALSE,,Raiser Armor Trim,,FALSE,,Explorer Pottery Sherd,,FALSE,,,,,,,,
Acacia Log,,FALSE,,Potion of Swiftness +,,FALSE,,Depth Strider III,,FALSE,,Rib Armor Trim,,FALSE,,Flow Pottery Sherd,,FALSE,,,,,,,,
Acacia Planks,,FALSE,,Potion of Swiftness II,,FALSE,,Efficiency V,,FALSE,,Sentry Armor Trim,,FALSE,,Friend Pottery Sherd,,FALSE,,,,,,,,
Acacia Pressure Plate,,FALSE,,Potion of Fire Resistance,,FALSE,,Feather Falling IV,,FALSE,,Shaper Armor Trim,,FALSE,,Guster Pottery Sherd,,FALSE,,,,,,,,
Acacia Sapling,,FALSE,,Potion of Fire Resistance +,,FALSE,,Fire Aspect II,,FALSE,,Silence Armor Trim,,FALSE,,Heart Pottery Sherd,,FALSE,,,,,,,"I split the potions, enchanted books, smithing templates, and pottery because I felt it would be easier to keep track of for you guys. Also only doing max enchanted books because I think its stupid if I would put every level.



If there is any mistake please contact me through Discord @ bazin_",
Acacia Shelf,,FALSE,,Potion of Healing,,FALSE,,Fire Protection IV,,FALSE,,Snout Armor Trim,,FALSE,,Heartbreak Pottery Sherd,,FALSE,,,,,,,,
Acacia Sign,,FALSE,,Potion of Healing II,,FALSE,,Flame I,,FALSE,,Spire Armor Trim,,FALSE,,Howl Pottery Sherd,,FALSE,,,,,,,,
Acacia Slab,,FALSE,,Potion of Night Vision,,FALSE,,Fortune III,,FALSE,,Tide Armor Trim,,FALSE,,Miner Pottery Sherd,,FALSE,,,,,,,,
Acacia Stairs,,FALSE,,Potion of Night Vision +,,FALSE,,Frost Walker II,,FALSE,,Vex Armor Trim,,FALSE,,Mourner Pottery Sherd,,FALSE,,,,,,,,
Acacia Trapdoor,,FALSE,,Potion of Strength,,FALSE,,Impaling V,,FALSE,,Ward Armor Trim,,FALSE,,Plenty Pottery Sherd,,FALSE,,,,,,,,
Acacia Wood,,FALSE,,Potion of Strength +,,FALSE,,Infinity I,,FALSE,,Wayfinder Armor Trim,,FALSE,,Prize Pottery Sherd,,FALSE,,,,,,,,
Activator Rail,,FALSE,,Potion of Strength II,,FALSE,,Knockback II,,FALSE,,Wild Armor Trim,,FALSE,,Scrape Pottery Sherd,,FALSE,,,,,,,,
Allium,,FALSE,,Potion of Leaping,,FALSE,,Looting III,,FALSE,,,,,,Sheaf Pottery Sherd,,FALSE,,,,,,,,
Amethyst Cluster,,FALSE,,Potion of Leaping +,,FALSE,,Loyalty III,,FALSE,,,,,,Shelter Pottery Sherd,,FALSE,,,,,,,,
Amethyst Shard,,FALSE,,Potion of Leaping II,,FALSE,,Luck of the Sea III,,FALSE,,,,,,Skull Pottery Sherd,,FALSE,,,,,,,,
Ancient Debris,,FALSE,,Potion of Water Breathing,,FALSE,,Lunge III,,FALSE,,,,,,Snort Pottery Sherd,,FALSE,,,,,,,,
Andesite,,FALSE,,Potion of Water Breathing +,,FALSE,,Lure III,,FALSE,,,,,,Angler Decorated Pot,,FALSE,,,,,,,,
Andesite Slab,,FALSE,,Potion of Invisibility,,FALSE,,Mending I,,FALSE,,,,,,Archer Decorated Pot,,FALSE,,,,,,,,
Andesite Stairs,,FALSE,,Potion of Invisibility +,,FALSE,,Multishot I,,FALSE,,,,,,Arms Up Decorated Pot,,FALSE,,,,,,,,
Andesite Wall,,FALSE,,Potion of Slow Falling,,FALSE,,Piercing IV,,FALSE,,,,,,Blade Decorated Pot,,FALSE,,,,,,,,
Anvil,,FALSE,,Potion of Slow Falling +,,FALSE,,Power V,,FALSE,,,,,,Brewer Decorated Pot,,FALSE,,,,,,,,
Apple,,FALSE,,Potion of Poison,,FALSE,,Projectile Protection IV,,FALSE,,,,,,Brick Decorated Pot,,FALSE,,,,,,,,
Armadillo Scute,,FALSE,,Potion of Poison +,,FALSE,,Protection IV,,FALSE,,,,,,Burn Decorated Pot,,FALSE,,,,,,,,
Armor Stand,,FALSE,,Potion of Poison II,,FALSE,,Punch II,,FALSE,,,,,,Danger Decorated Pot,,FALSE,,,,,,,,
Arrow,,FALSE,,Potion of Weakness,,FALSE,,Quick Charge III,,FALSE,,,,,,Decorated Pot,,FALSE,,,,,,,,
Arrow of Decay‌ [BE],,FALSE,,Potion of Weakness +,,FALSE,,Respiration III,,FALSE,,,,,,Explorer Decorated Pot,,FALSE,,,,,,,,
Arrow of Fire Resistance,,FALSE,,Potion of Slowness,,FALSE,,Riptide III,,FALSE,,,,,,Flow Decorated Pot,,FALSE,,,,,,,,
Arrow of Fire Resistance +,,FALSE,,Potion of Slowness +,,FALSE,,Sharpness V,,FALSE,,,,,,Friend Decorated Pot,,FALSE,,,,,,,,
Arrow of Harming,,FALSE,,Potion of Slowness IV,,FALSE,,Silk Touch I,,FALSE,,,,,,Guster Decorated Pot,,FALSE,,,,,,,,
Arrow of Harming II,,FALSE,,Potion of Harming,,FALSE,,Smite V,,FALSE,,,,,,Heart Decorated Pot,,FALSE,,,,,,,,
Arrow of Healing,,FALSE,,Potion of Harming II,,FALSE,,Soul Speed III,,FALSE,,,,,,Heartbreak Decorated Pot,,FALSE,,,,,,,,
Arrow of Healing II,,FALSE,,Potion of the Turtle Master,,FALSE,,Sweeping Edge III [JE],,FALSE,,,,,,Howl Decorated Pot,,FALSE,,,,,,,,
Arrow of Infestation,,FALSE,,Potion of the Turtle Master +,,FALSE,,Swift Sneak III,,FALSE,,,,,,Miner Decorated Pot,,FALSE,,,,,,,,
Arrow of Invisibility,,FALSE,,Potion of the Turtle Master II,,FALSE,,Thorns III,,FALSE,,,,,,Mourner Decorated Pot,,FALSE,,,,,,,,
Arrow of Invisibility +,,FALSE,,Potion of Infestation,,FALSE,,Unbreaking III,,FALSE,,,,,,Plenty Decorated Pot,,FALSE,,,,,,,,
Arrow of Leaping,,FALSE,,Potion of Oozing,,FALSE,,Wind Burst III,,FALSE,,,,,,Prize Decorated Pot,,FALSE,,,,,,,,
Arrow of Leaping +,,FALSE,,Potion of Weaving,,FALSE,,,,,,,,,,Scrape Decorated Pot,,FALSE,,,,,,,,
Arrow of Leaping II,,FALSE,,Potion of Wind Charging,,FALSE,,,,,,,,,,Sheaf Decorated Pot,,FALSE,,,,,,,,
Arrow of Night Vision,,FALSE,,Ominous Bottle,,FALSE,,,,,,,,,,Shelter Decorated Pot,,FALSE,,,,,,,,
Arrow of Night Vision +,,FALSE,,Splash Potions,,,,,,,,,,,,Skull Decorated Pot,,FALSE,,,,,,,,
Arrow of Oozing,,FALSE,,Splash Water Bottle,,FALSE,,,,,,,,,,Snort Decorated Pot,,FALSE,,,,,,,,
Arrow of Poison,,FALSE,,Splash Awkward Potion,,FALSE,,,,,,,,,,,,,,,,,,,,
Arrow of Poison +,,FALSE,,Splash Mundane Potion,,FALSE,,,,,,,,,,,,,,,,,,,,
Arrow of Poison II,,FALSE,,Splash Thick Potion,,FALSE,,,,,,,,,,,,,,,,,,,,
Arrow of Regeneration,,FALSE,,Splash Potion of Regeneration,,FALSE,,,,,,,,,,,,,,,,,,,,
Arrow of Regeneration +,,FALSE,,Splash Potion of Regeneration +,,FALSE,,,,,,,,,,,,,,,,,,,,
Arrow of Regeneration II,,FALSE,,Splash Potion of Regeneration II,,FALSE,,,,,,,,,,,,,,,,,,,,
Arrow of Slow Falling,,FALSE,,Splash Potion of Swiftness,,FALSE,,,,,,,,,,,,,,,,,,,,
Arrow of Slow Falling +,,FALSE,,Splash Potion of Swiftness +,,FALSE,,,,,,,,,,,,,,,,,,,,
Arrow of Slowness,,FALSE,,Splash Potion of Swiftness II,,FALSE,,,,,,,,,,,,,,,,,,,,
Arrow of Slowness +,,FALSE,,Splash Potion of Fire Resistance,,FALSE,,,,,,,,,,,,,,,,,,,,
Arrow of Slowness IV,,FALSE,,Splash Potion of Fire Resistance +,,FALSE,,,,,,,,,,,,,,,,,,,,
Arrow of Splashing [JE],,FALSE,,Splash Potion of Healing,,FALSE,,,,,,,,,,,,,,,,,,,,
Arrow of Strength,,FALSE,,Splash Potion of Healing II,,FALSE,,,,,,,,,,,,,,,,,,,,
Arrow of Strength +,,FALSE,,Splash Potion of Night Vision,,FALSE,,,,,,,,,,,,,,,,,,,,
Arrow of Strength II,,FALSE,,Splash Potion of Night Vision +,,FALSE,,,,,,,,,,,,,,,,,,,,
Arrow of Swiftness,,FALSE,,Splash Potion of Strength,,FALSE,,,,,,,,,,,,,,,,,,,,
Arrow of Swiftness +,,FALSE,,Splash Potion of Strength +,,FALSE,,,,,,,,,,,,,,,,,,,,
Arrow of Swiftness II,,FALSE,,Splash Potion of Strength II,,FALSE,,,,,,,,,,,,,,,,,,,,
Arrow of the Turtle Master,,FALSE,,Splash Potion of Leaping,,FALSE,,,,,,,,,,,,,,,,,,,,
Arrow of the Turtle Master +,,FALSE,,Splash Potion of Leaping +,,FALSE,,,,,,,,,,,,,,,,,,,,
Arrow of the Turtle Master II,,FALSE,,Splash Potion of Leaping II,,FALSE,,,,,,,,,,,,,,,,,,,,
Arrow of Water Breathing,,FALSE,,Splash Potion of Water Breathing,,FALSE,,,,,,,,,,,,,,,,,,,,
Arrow of Water Breathing +,,FALSE,,Splash Potion of Water Breathing +,,FALSE,,,,,,,,,,,,,,,,,,,,
Arrow of Weakness,,FALSE,,Splash Potion of Invisibility,,FALSE,,,,,,,,,,,,,,,,,,,,
Arrow of Weakness +,,FALSE,,Splash Potion of Invisibility +,,FALSE,,,,,,,,,,,,,,,,,,,,
Arrow of Weaving,,FALSE,,Splash Potion of Slow Falling,,FALSE,,,,,,,,,,,,,,,,,,,,
Arrow of Wind Charging,,FALSE,,Splash Potion of Slow Falling +,,FALSE,,,,,,,,,,,,,,,,,,,,
Azalea,,FALSE,,Splash Potion of Poison,,FALSE,,,,,,,,,,,,,,,,,,,,
Azalea Leaves,,FALSE,,Splash Potion of Poison +,,FALSE,,,,,,,,,,,,,,,,,,,,
Azure Bluet,,FALSE,,Splash Potion of Poison II,,FALSE,,,,,,,,,,,,,,,,,,,,
Baked Potato,,FALSE,,Splash Potion of Weakness,,FALSE,,,,,,,,,,,,,,,,,,,,
Bamboo,,FALSE,,Splash Potion of Weakness +,,FALSE,,,,,,,,,,,,,,,,,,,,
Bamboo Button,,FALSE,,Splash Potion of Slowness,,FALSE,,,,,,,,,,,,,,,,,,,,
Bamboo Door,,FALSE,,Splash Potion of Slowness +,,FALSE,,,,,,,,,,,,,,,,,,,,
Bamboo Fence,,FALSE,,Splash Potion of Slowness IV,,FALSE,,,,,,,,,,,,,,,,,,,,
Bamboo Fence Gate,,FALSE,,Splash Potion of Harming,,FALSE,,,,,,,,,,,,,,,,,,,,
Bamboo Hanging Sign,,FALSE,,Splash Potion of Harming II,,FALSE,,,,,,,,,,,,,,,,,,,,
Bamboo Mosaic,,FALSE,,Splash Potion of the Turtle Master,,FALSE,,,,,,,,,,,,,,,,,,,,
Bamboo Mosaic Slab,,FALSE,,Splash Potion of the Turtle Master +,,FALSE,,,,,,,,,,,,,,,,,,,,
Bamboo Mosaic Stairs,,FALSE,,Splash Potion of the Turtle Master II,,FALSE,,,,,,,,,,,,,,,,,,,,
Bamboo Planks,,FALSE,,Splash Potion of Infestation,,FALSE,,,,,,,,,,,,,,,,,,,,
Bamboo Pressure Plate,,FALSE,,Splash Potion of Oozing,,FALSE,,,,,,,,,,,,,,,,,,,,
Bamboo Raft,,FALSE,,Splash Potion of Weaving,,FALSE,,,,,,,,,,,,,,,,,,,,
Bamboo Raft with Chest,,FALSE,,Splash Potion of Wind Charging,,FALSE,,,,,,,,,,,,,,,,,,,,
Bamboo Shelf,,FALSE,,Lingering Potions,,,,,,,,,,,,,,,,,,,,,,
Bamboo Sign,,FALSE,,Lingering Water Bottle,,FALSE,,,,,,,,,,,,,,,,,,,,
Bamboo Slab,,FALSE,,Lingering Awkward Potion,,FALSE,,,,,,,,,,,,,,,,,,,,
Bamboo Stairs,,FALSE,,Lingering Mundane Potion,,FALSE,,,,,,,,,,,,,,,,,,,,
Bamboo Trapdoor,,FALSE,,Lingering Thick Potion,,FALSE,,,,,,,,,,,,,,,,,,,,
Banner Pattern (Bordure Indented),,FALSE,,Lingering Potion of Regeneration,,FALSE,,,,,,,,,,,,,,,,,,,,
Banner Pattern (Creeper Charge),,FALSE,,Lingering Potion of Regeneration +,,FALSE,,,,,,,,,,,,,,,,,,,,
Banner Pattern (Field Masoned),,FALSE,,Lingering Potion of Regeneration II,,FALSE,,,,,,,,,,,,,,,,,,,,
Banner Pattern (Flow),,FALSE,,Lingering Potion of Swiftness,,FALSE,,,,,,,,,,,,,,,,,,,,
Banner Pattern (Flower Charge),,FALSE,,Lingering Potion of Swiftness +,,FALSE,,,,,,,,,,,,,,,,,,,,
Banner Pattern (Globe),,FALSE,,Lingering Potion of Swiftness II,,FALSE,,,,,,,,,,,,,,,,,,,,
Banner Pattern (Gust),,FALSE,,Lingering Potion of Fire Resistance,,FALSE,,,,,,,,,,,,,,,,,,,,
Banner Pattern (Skull Charge),,FALSE,,Lingering Potion of Fire Resistance +,,FALSE,,,,,,,,,,,,,,,,,,,,
Banner Pattern (Snout),,FALSE,,Lingering Potion of Healing,,FALSE,,,,,,,,,,,,,,,,,,,,
Banner Pattern (Thing),,FALSE,,Lingering Potion of Healing II,,FALSE,,,,,,,,,,,,,,,,,,,,
Barrel,,FALSE,,Lingering Potion of Night Vision,,FALSE,,,,,,,,,,,,,,,,,,,,
Basalt,,FALSE,,Lingering Potion of Night Vision +,,FALSE,,,,,,,,,,,,,,,,,,,,
Beacon,,FALSE,,Lingering Potion of Strength,,FALSE,,,,,,,,,,,,,,,,,,,,
Bee Nest,,FALSE,,Lingering Potion of Strength +,,FALSE,,,,,,,,,,,,,,,,,,,,
Beehive,,FALSE,,Lingering Potion of Strength II,,FALSE,,,,,,,,,,,,,,,,,,,,
Beetroot,,FALSE,,Lingering Potion of Leaping,,FALSE,,,,,,,,,,,,,,,,,,,,
Beetroot Seeds,,FALSE,,Lingering Potion of Leaping +,,FALSE,,,,,,,,,,,,,,,,,,,,
Beetroot Soup,,FALSE,,Lingering Potion of Leaping II,,FALSE,,,,,,,,,,,,,,,,,,,,
Bell,,FALSE,,Lingering Potion of Water Breathing,,FALSE,,,,,,,,,,,,,,,,,,,,
Big Dripleaf,,FALSE,,Lingering Potion of Water Breathing +,,FALSE,,,,,,,,,,,,,,,,,,,,
Birch Boat,,FALSE,,Lingering Potion of Invisibility,,FALSE,,,,,,,,,,,,,,,,,,,,
Birch Boat with Chest,,FALSE,,Lingering Potion of Invisibility +,,FALSE,,,,,,,,,,,,,,,,,,,,
Birch Button,,FALSE,,Lingering Potion of Slow Falling,,FALSE,,,,,,,,,,,,,,,,,,,,
Birch Door,,FALSE,,Lingering Potion of Slow Falling +,,FALSE,,,,,,,,,,,,,,,,,,,,
Birch Fence,,FALSE,,Lingering Potion of Poison,,FALSE,,,,,,,,,,,,,,,,,,,,
Birch Fence Gate,,FALSE,,Lingering Potion of Poison +,,FALSE,,,,,,,,,,,,,,,,,,,,
Birch Hanging Sign,,FALSE,,Lingering Potion of Poison II,,FALSE,,,,,,,,,,,,,,,,,,,,
Birch Leaves,,FALSE,,Lingering Potion of Weakness,,FALSE,,,,,,,,,,,,,,,,,,,,
Birch Log,,FALSE,,Lingering Potion of Weakness +,,FALSE,,,,,,,,,,,,,,,,,,,,
Birch Planks,,FALSE,,Lingering Potion of Slowness,,FALSE,,,,,,,,,,,,,,,,,,,,
Birch Pressure Plate,,FALSE,,Lingering Potion of Slowness +,,FALSE,,,,,,,,,,,,,,,,,,,,
Birch Sapling,,FALSE,,Lingering Potion of Slowness IV,,FALSE,,,,,,,,,,,,,,,,,,,,
Birch Shelf,,FALSE,,Lingering Potion of Harming,,FALSE,,,,,,,,,,,,,,,,,,,,
Birch Sign,,FALSE,,Lingering Potion of Harming II,,FALSE,,,,,,,,,,,,,,,,,,,,
Birch Slab,,FALSE,,Lingering Potion of the Turtle Master,,FALSE,,,,,,,,,,,,,,,,,,,,
Birch Stairs,,FALSE,,Lingering Potion of the Turtle Master +,,FALSE,,,,,,,,,,,,,,,,,,,,
Birch Trapdoor,,FALSE,,Lingering Potion of the Turtle Master II,,FALSE,,,,,,,,,,,,,,,,,,,,
Birch Wood,,FALSE,,Lingering Potion of Infestation,,FALSE,,,,,,,,,,,,,,,,,,,,
Black Banner,,FALSE,,Lingering Potion of Oozing,,FALSE,,,,,,,,,,,,,,,,,,,,
Black Bed,,FALSE,,Lingering Potion of Weaving,,FALSE,,,,,,,,,,,,,,,,,,,,
Black Bundle,,FALSE,,Lingering Potion of Wind Charging,,FALSE,,,,,,,,,,,,,,,,,,,,
Black Candle,,FALSE,,,,,,,,,,,,,,,,,,,,,,,,
Black Carpet,,FALSE,,,,,,,,,,,,,,,,,,,,,,,,
Black Concrete,,FALSE,,,,,,,,,,,,,,,,,,,,,,,,
Black Concrete Powder,,FALSE,,,,,,,,,,,,,,,,,,,,,,,,
Black Dye,,FALSE,,,,,,,,,,,,,,,,,,,,,,,,
Black Glazed Terracotta,,FALSE,,,,,,,,,,,,,,,,,,,,,,,,
Black Harness,,FALSE,,,,,,,,,,,,,,,,,,,,,,,,
Black Shulker Box,,FALSE,,,,,,,,,,,,,,,,,,,,,,,,
Black Stained Glass,,FALSE,,,,,,,,,,,,,,,,,,,,,,,,
Black Stained Glass Pane,,FALSE,,,,,,,,,,,,,,,,,,,,,,,,
Black Terracotta,,FALSE,,,,,,,,,,,,,,,,,,,,,,,,
Black Wool,,FALSE,,,,,,,,,,,,,,,,,,,,,,,,
Blackstone,,FALSE,,,,,,,,,,,,,,,,,,,,,,,,
Blackstone Slab,,FALSE,,,,,,,,,,,,,,,,,,,,,,,,
Blackstone Stairs,,FALSE,,,,,,,,,,,,,,,,,,,,,,,,
Blackstone Wall,,FALSE,,,,,,,,,,,,,,,,,,,,,,,,
Blast Furnace,,FALSE,,,,,,,,,,,,,,,,,,,,,,,,
Blaze Powder,,FALSE,,,,,,,,,,,,,,,,,,,,,,,,
Blaze Rod,,FALSE,,,,,,,,,,,,,,,,,,,,,,,,
Block of Amethyst,,FALSE,,,,,,,,,,,,,,,,,,,,,,,,
Block of Bamboo,,FALSE,,,,,,,,,,,,,,,,,,,,,,,,
Block of Coal,,FALSE,,,,,,,,,,,,,,,,,,,,,,,,
Block of Copper,,FALSE,,,,,,,,,,,,,,,,,,,,,,,,
Block of Diamond,,FALSE,,,,,,,,,,,,,,,,,,,,,,,,
Block of Emerald,,FALSE,,,,,,,,,,,,,,,,,,,,,,,,
Block of Gold,,FALSE,,,,,,,,,,,,,,,,,,,,,,,,
Block of Iron,,FALSE,,,,,,,,,,,,,,,,,,,,,,,,
Block of Lapis Lazuli,,FALSE,,,,,,,,,,,,,,,,,,,,,,,,
Block of Netherite,,FALSE,,,,,,,,,,,,,,,,,,,,,,,,
Block of Quartz,,FALSE,,,,,,,,,,,,,,,,,,,,,,,,
Block of Raw Copper,,FALSE,,,,,,,,,,,,,,,,,,,,,,,,
Block of Raw Gold,,FALSE,,,,,,,,,,,,,,,,,,,,,,,,
Block of Raw Iron,,FALSE,,,,,,,,,,,,,,,,,,,,,,,,
Block of Redstone,,FALSE,,,,,,,,,,,,,,,,,,,,,,,,
Block of Resin,,FALSE,,,,,,,,,,,,,,,,,,,,,,,,
Block of Stripped Bamboo,,FALSE,,,,,,,,,,,,,,,,,,,,,,,,
Blue Banner,,FALSE,,,,,,,,,,,,,,,,,,,,,,,,
Blue Bed,,FALSE,,,,,,,,,,,,,,,,,,,,,,,,
Blue Bundle,,FALSE,,,,,,,,,,,,,,,,,,,,,,,,
Blue Candle,,FALSE,,,,,,,,,,,,,,,,,,,,,,,,
Blue Carpet,,FALSE,,,,,,,,,,,,,,,,,,,,,,,,
Blue Concrete,,FALSE,,,,,,,,,,,,,,,,,,,,,,,,
Blue Concrete Powder,,FALSE,,,,,,,,,,,,,,,,,,,,,,,,
Blue Dye,,FALSE,,,,,,,,,,,,,,,,,,,,,,,,
Blue Egg,,FALSE,,,,,,,,,,,,,,,,,,,,,,,,
Blue Glazed Terracotta,,FALSE,,,,,,,,,,,,,,,,,,,,,,,,
Blue Harness,,FALSE,,,,,,,,,,,,,,,,,,,,,,,,
Blue Ice,,FALSE,,,,,,,,,,,,,,,,,,,,,,,,
Blue Orchid,,FALSE,,,,,,,,,,,,,,,,,,,,,,,,
Blue Shulker Box,,FALSE,,,,,,,,,,,,,,,,,,,,,,,,
Blue Stained Glass,,FALSE,,,,,,,,,,,,,,,,,,,,,,,,
Blue Stained Glass Pane,,FALSE,,,,,,,,,,,,,,,,,,,,,,,,
Blue Terracotta,,FALSE,,,,,,,,,,,,,,,,,,,,,,,,
Blue Wool,,FALSE,,,,,,,,,,,,,,,,,,,,,,,,
Bone,,FALSE,,,,,,,,,,,,,,,,,,,,,,,,
Bone Block,,FALSE,,,,,,,,,,,,,,,,,,,,,,,,
Bone Meal,,FALSE,,,,,,,,,,,,,,,,,,,,,,,,
Book,,FALSE,,,,,,,,,,,,,,,,,,,,,,,,
Book and Quill,,FALSE,,,,,,,,,,,,,,,,,,,,,,,,
Bookshelf,,FALSE,,,,,,,,,,,,,,,,,,,,,,,,
Bottle o' Enchanting,,FALSE,,,,,,,,,,,,,,,,,,,,,,,,
Bow,,FALSE,,,,,,,,,,,,,,,,,,,,,,,,
Bowl,,FALSE,,,,,,,,,,,,,,,,,,,,,,,,
Brain Coral,,FALSE,,,,,,,,,,,,,,,,,,,,,,,,
Brain Coral Block,,FALSE,,,,,,,,,,,,,,,,,,,,,,,,
Brain Coral Fan,,FALSE,,,,,,,,,,,,,,,,,,,,,,,,
Bread,,FALSE,,,,,,,,,,,,,,,,,,,,,,,,
Breeze Rod,,FALSE,,,,,,,,,,,,,,,,,,,,,,,,
Brewing Stand,,FALSE,,,,,,,,,,,,,,,,,,,,,,,,
Brick,,FALSE,,,,,,,,,,,,,,,,,,,,,,,,
Brick Slab,,FALSE,,,,,,,,,,,,,,,,,,,,,,,,
Brick Stairs,,FALSE,,,,,,,,,,,,,,,,,,,,,,,,
Brick Wall,,FALSE,,,,,,,,,,,,,,,,,,,,,,,,
Bricks,,FALSE,,,,,,,,,,,,,,,,,,,,,,,,
Brown Banner,,FALSE,,,,,,,,,,,,,,,,,,,,,,,,
Brown Bed,,FALSE,,,,,,,,,,,,,,,,,,,,,,,,
Brown Bundle,,FALSE,,,,,,,,,,,,,,,,,,,,,,,,
Brown Candle,,FALSE,,,,,,,,,,,,,,,,,,,,,,,,
Brown Carpet,,FALSE,,,,,,,,,,,,,,,,,,,,,,,,
Brown Concrete,,FALSE,,,,,,,,,,,,,,,,,,,,,,,,
Brown Concrete Powder,,FALSE,,,,,,,,,,,,,,,,,,,,,,,,
Brown Dye,,FALSE,,,,,,,,,,,,,,,,,,,,,,,,
Brown Egg,,FALSE,,,,,,,,,,,,,,,,,,,,,,,,
Brown Glazed Terracotta,,FALSE,,,,,,,,,,,,,,,,,,,,,,,,
Brown Harness,,FALSE,,,,,,,,,,,,,,,,,,,,,,,,
Brown Mushroom,,FALSE,,,,,,,,,,,,,,,,,,,,,,,,
Brown Mushroom Block,,FALSE,,,,,,,,,,,,,,,,,,,,,,,,
Brown Shulker Box,,FALSE,,,,,,,,,,,,,,,,,,,,,,,,
Brown Stained Glass,,FALSE,,,,,,,,,,,,,,,,,,,,,,,,
Brown Stained Glass Pane,,FALSE,,,,,,,,,,,,,,,,,,,,,,,,
Brown Terracotta,,FALSE,,,,,,,,,,,,,,,,,,,,,,,,
Brown Wool,,FALSE,,,,,,,,,,,,,,,,,,,,,,,,
Brush,,FALSE,,,,,,,,,,,,,,,,,,,,,,,,
Bubble Coral,,FALSE,,,,,,,,,,,,,,,,,,,,,,,,
Bubble Coral Block,,FALSE,,,,,,,,,,,,,,,,,,,,,,,,
Bubble Coral Fan,,FALSE,,,,,,,,,,,,,,,,,,,,,,,,
Bucket,,FALSE,,,,,,,,,,,,,,,,,,,,,,,,
Bucket of Axolotl,,FALSE,,,,,,,,,,,,,,,,,,,,,,,,
Bucket of Cod,,FALSE,,,,,,,,,,,,,,,,,,,,,,,,
Bucket of Pufferfish,,FALSE,,,,,,,,,,,,,,,,,,,,,,,,
Bucket of Salmon,,FALSE,,,,,,,,,,,,,,,,,,,,,,,,
Bucket of Tadpole,,FALSE,,,,,,,,,,,,,,,,,,,,,,,,
Bucket of Tropical Fish,,FALSE,,,,,,,,,,,,,,,,,,,,,,,,
Bundle,,FALSE,,,,,,,,,,,,,,,,,,,,,,,,
Buried Treasure Map ,,FALSE,,,,,,,,,,,,,,,,,,,,,,,,
Bush,,FALSE,,,,,,,,,,,,,,,,,,,,,,,,
Cactus,,FALSE,,,,,,,,,,,,,,,,,,,,,,,,
Cactus Flower,,FALSE,,,,,,,,,,,,,,,,,,,,,,,,
Cake,,FALSE,,,,,,,,,,,,,,,,,,,,,,,,
Calcite,,FALSE,,,,,,,,,,,,,,,,,,,,,,,,
Calibrated Sculk Sensor,,FALSE,,,,,,,,,,,,,,,,,,,,,,,,
Campfire,,FALSE,,,,,,,,,,,,,,,,,,,,,,,,
Candle,,FALSE,,,,,,,,,,,,,,,,,,,,,,,,
Carrot,,FALSE,,,,,,,,,,,,,,,,,,,,,,,,
Carrot on a Stick,,FALSE,,,,,,,,,,,,,,,,,,,,,,,,
Cartography Table,,FALSE,,,,,,,,,,,,,,,,,,,,,,,,
Carved Pumpkin,,FALSE,,,,,,,,,,,,,,,,,,,,,,,,
Cauldron,,FALSE,,,,,,,,,,,,,,,,,,,,,,,,
Chainmail Boots,,FALSE,,,,,,,,,,,,,,,,,,,,,,,,
Chainmail Chestplate,,FALSE,,,,,,,,,,,,,,,,,,,,,,,,
Chainmail Helmet,,FALSE,,,,,,,,,,,,,,,,,,,,,,,,
Chainmail Leggings,,FALSE,,,,,,,,,,,,,,,,,,,,,,,,
Charcoal,,FALSE,,,,,,,,,,,,,,,,,,,,,,,,
Cherry Boat,,FALSE,,,,,,,,,,,,,,,,,,,,,,,,
Cherry Boat with Chest,,FALSE,,,,,,,,,,,,,,,,,,,,,,,,
Cherry Button,,FALSE,,,,,,,,,,,,,,,,,,,,,,,,
Cherry Door,,FALSE,,,,,,,,,,,,,,,,,,,,,,,,
Cherry Fence,,FALSE,,,,,,,,,,,,,,,,,,,,,,,,
Cherry Fence Gate,,FALSE,,,,,,,,,,,,,,,,,,,,,,,,
Cherry Hanging Sign,,FALSE,,,,,,,,,,,,,,,,,,,,,,,,
Cherry Leaves,,FALSE,,,,,,,,,,,,,,,,,,,,,,,,
Cherry Log,,FALSE,,,,,,,,,,,,,,,,,,,,,,,,
Cherry Planks,,FALSE,,,,,,,,,,,,,,,,,,,,,,,,
Cherry Pressure Plate,,FALSE,,,,,,,,,,,,,,,,,,,,,,,,
Cherry Sapling,,FALSE,,,,,,,,,,,,,,,,,,,,,,,,
Cherry Shelf,,FALSE,,,,,,,,,,,,,,,,,,,,,,,,
Cherry Sign,,FALSE,,,,,,,,,,,,,,,,,,,,,,,,
Cherry Slab,,FALSE,,,,,,,,,,,,,,,,,,,,,,,,
Cherry Stairs,,FALSE,,,,,,,,,,,,,,,,,,,,,,,,
Cherry Trapdoor,,FALSE,,,,,,,,,,,,,,,,,,,,,,,,
Cherry Wood,,FALSE,,,,,,,,,,,,,,,,,,,,,,,,
Chest,,FALSE,,,,,,,,,,,,,,,,,,,,,,,,
Chipped Anvil,,FALSE,,,,,,,,,,,,,,,,,,,,,,,,
Chiseled Bookshelf,,FALSE,,,,,,,,,,,,,,,,,,,,,,,,
Chiseled Copper,,FALSE,,,,,,,,,,,,,,,,,,,,,,,,
Chiseled Deepslate,,FALSE,,,,,,,,,,,,,,,,,,,,,,,,
Chiseled Nether Bricks,,FALSE,,,,,,,,,,,,,,,,,,,,,,,,
Chiseled Polished Blackstone,,FALSE,,,,,,,,,,,,,,,,,,,,,,,,
Chiseled Quartz Block,,FALSE,,,,,,,,,,,,,,,,,,,,,,,,
Chiseled Red Sandstone,,FALSE,,,,,,,,,,,,,,,,,,,,,,,,
Chiseled Resin Bricks,,FALSE,,,,,,,,,,,,,,,,,,,,,,,,
Chiseled Sandstone,,FALSE,,,,,,,,,,,,,,,,,,,,,,,,
Chiseled Stone Bricks,,FALSE,,,,,,,,,,,,,,,,,,,,,,,,
Chiseled Tuff,,FALSE,,,,,,,,,,,,,,,,,,,,,,,,
Chiseled Tuff Bricks,,FALSE,,,,,,,,,,,,,,,,,,,,,,,,
Chorus Flower,,FALSE,,,,,,,,,,,,,,,,,,,,,,,,
Chorus Fruit,,FALSE,,,,,,,,,,,,,,,,,,,,,,,,
Clay,,FALSE,,,,,,,,,,,,,,,,,,,,,,,,
Clay Ball,,FALSE,,,,,,,,,,,,,,,,,,,,,,,,
Clock,,FALSE,,,,,,,,,,,,,,,,,,,,,,,,
Closed Eyeblossom,,FALSE,,,,,,,,,,,,,,,,,,,,,,,,
Coal,,FALSE,,,,,,,,,,,,,,,,,,,,,,,,
Coal Ore,,FALSE,,,,,,,,,,,,,,,,,,,,,,,,
Coarse Dirt,,FALSE,,,,,,,,,,,,,,,,,,,,,,,,
Cobbled Deepslate,,FALSE,,,,,,,,,,,,,,,,,,,,,,,,
Cobbled Deepslate Slab,,FALSE,,,,,,,,,,,,,,,,,,,,,,,,
Cobbled Deepslate Stairs,,FALSE,,,,,,,,,,,,,,,,,,,,,,,,
Cobbled Deepslate Wall,,FALSE,,,,,,,,,,,,,,,,,,,,,,,,
Cobblestone,,FALSE,,,,,,,,,,,,,,,,,,,,,,,,
Cobblestone Slab,,FALSE,,,,,,,,,,,,,,,,,,,,,,,,
Cobblestone Stairs,,FALSE,,,,,,,,,,,,,,,,,,,,,,,,
Cobblestone Wall,,FALSE,,,,,,,,,,,,,,,,,,,,,,,,
Cobweb,,FALSE,,,,,,,,,,,,,,,,,,,,,,,,
Cocoa Beans,,FALSE,,,,,,,,,,,,,,,,,,,,,,,,
Compass,,FALSE,,,,,,,,,,,,,,,,,,,,,,,,
Composter,,FALSE,,,,,,,,,,,,,,,,,,,,,,,,
Conduit,,FALSE,,,,,,,,,,,,,,,,,,,,,,,,
Cooked Chicken,,FALSE,,,,,,,,,,,,,,,,,,,,,,,,
Cooked Cod,,FALSE,,,,,,,,,,,,,,,,,,,,,,,,
Cooked Mutton,,FALSE,,,,,,,,,,,,,,,,,,,,,,,,
Cooked Porkchop,,FALSE,,,,,,,,,,,,,,,,,,,,,,,,
Cooked Rabbit,,FALSE,,,,,,,,,,,,,,,,,,,,,,,,
Cooked Salmon,,FALSE,,,,,,,,,,,,,,,,,,,,,,,,
Cookie,,FALSE,,,,,,,,,,,,,,,,,,,,,,,,
Copper Axe,,FALSE,,,,,,,,,,,,,,,,,,,,,,,,
Copper Bars,,FALSE,,,,,,,,,,,,,,,,,,,,,,,,
Copper Boots,,FALSE,,,,,,,,,,,,,,,,,,,,,,,,
Copper Bulb,,FALSE,,,,,,,,,,,,,,,,,,,,,,,,
Copper Chain,,FALSE,,,,,,,,,,,,,,,,,,,,,,,,
Copper Chest,,FALSE,,,,,,,,,,,,,,,,,,,,,,,,
Copper Chestplate,,FALSE,,,,,,,,,,,,,,,,,,,,,,,,
Copper Door,,FALSE,,,,,,,,,,,,,,,,,,,,,,,,
Copper Golem Statue,,FALSE,,,,,,,,,,,,,,,,,,,,,,,,
Copper Grate,,FALSE,,,,,,,,,,,,,,,,,,,,,,,,
Copper Helmet,,FALSE,,,,,,,,,,,,,,,,,,,,,,,,
Copper Hoe,,FALSE,,,,,,,,,,,,,,,,,,,,,,,,
Copper Horse Armor,,FALSE,,,,,,,,,,,,,,,,,,,,,,,,
Copper Ingot,,FALSE,,,,,,,,,,,,,,,,,,,,,,,,
Copper Lantern,,FALSE,,,,,,,,,,,,,,,,,,,,,,,,
Copper Leggings,,FALSE,,,,,,,,,,,,,,,,,,,,,,,,
Copper Nautilus Armor,,FALSE,,,,,,,,,,,,,,,,,,,,,,,,
Copper Nugget,,FALSE,,,,,,,,,,,,,,,,,,,,,,,,
Copper Ore,,FALSE,,,,,,,,,,,,,,,,,,,,,,,,
Copper Pickaxe,,FALSE,,,,,,,,,,,,,,,,,,,,,,,,
Copper Shovel,,FALSE,,,,,,,,,,,,,,,,,,,,,,,,
Copper Spear,,FALSE,,,,,,,,,,,,,,,,,,,,,,,,
Copper Sword,,FALSE,,,,,,,,,,,,,,,,,,,,,,,,
Copper Torch,,FALSE,,,,,,,,,,,,,,,,,,,,,,,,
Copper Trapdoor,,FALSE,,,,,,,,,,,,,,,,,,,,,,,,
Cornflower,,FALSE,,,,,,,,,,,,,,,,,,,,,,,,
Cracked Deepslate Bricks,,FALSE,,,,,,,,,,,,,,,,,,,,,,,,
Cracked Deepslate Tiles,,FALSE,,,,,,,,,,,,,,,,,,,,,,,,
Cracked Nether Bricks,,FALSE,,,,,,,,,,,,,,,,,,,,,,,,
Cracked Polished Blackstone Bricks,,FALSE,,,,,,,,,,,,,,,,,,,,,,,,
Cracked Stone Bricks,,FALSE,,,,,,,,,,,,,,,,,,,,,,,,
Crafter,,FALSE,,,,,,,,,,,,,,,,,,,,,,,,
Crafting Table,,FALSE,,,,,,,,,,,,,,,,,,,,,,,,
Creaking Heart,,FALSE,,,,,,,,,,,,,,,,,,,,,,,,
Creeper Head,,FALSE,,,,,,,,,,,,,,,,,,,,,,,,
Crimson Button,,FALSE,,,,,,,,,,,,,,,,,,,,,,,,
Crimson Door,,FALSE,,,,,,,,,,,,,,,,,,,,,,,,
Crimson Fence,,FALSE,,,,,,,,,,,,,,,,,,,,,,,,
Crimson Fence Gate,,FALSE,,,,,,,,,,,,,,,,,,,,,,,,
Crimson Fungus,,FALSE,,,,,,,,,,,,,,,,,,,,,,,,
Crimson Hanging Sign,,FALSE,,,,,,,,,,,,,,,,,,,,,,,,
Crimson Hyphae,,FALSE,,,,,,,,,,,,,,,,,,,,,,,,
Crimson Nylium,,FALSE,,,,,,,,,,,,,,,,,,,,,,,,
Crimson Planks,,FALSE,,,,,,,,,,,,,,,,,,,,,,,,
Crimson Pressure Plate,,FALSE,,,,,,,,,,,,,,,,,,,,,,,,
Crimson Roots,,FALSE,,,,,,,,,,,,,,,,,,,,,,,,
Crimson Shelf,,FALSE,,,,,,,,,,,,,,,,,,,,,,,,
Crimson Sign,,FALSE,,,,,,,,,,,,,,,,,,,,,,,,
Crimson Slab,,FALSE,,,,,,,,,,,,,,,,,,,,,,,,
Crimson Stairs,,FALSE,,,,,,,,,,,,,,,,,,,,,,,,
Crimson Stem,,FALSE,,,,,,,,,,,,,,,,,,,,,,,,
Crimson Trapdoor,,FALSE,,,,,,,,,,,,,,,,,,,,,,,,
Crossbow,,FALSE,,,,,,,,,,,,,,,,,,,,,,,,
Crying Obsidian,,FALSE,,,,,,,,,,,,,,,,,,,,,,,,
Cut Copper,,FALSE,,,,,,,,,,,,,,,,,,,,,,,,
Cut Copper Slab,,FALSE,,,,,,,,,,,,,,,,,,,,,,,,
Cut Copper Stairs,,FALSE,,,,,,,,,,,,,,,,,,,,,,,,
Cut Red Sandstone,,FALSE,,,,,,,,,,,,,,,,,,,,,,,,
Cut Red Sandstone Slab,,FALSE,,,,,,,,,,,,,,,,,,,,,,,,
Cut Sandstone,,FALSE,,,,,,,,,,,,,,,,,,,,,,,,
Cut Sandstone Slab,,FALSE,,,,,,,,,,,,,,,,,,,,,,,,
Cyan Banner,,FALSE,,,,,,,,,,,,,,,,,,,,,,,,
Cyan Bed,,FALSE,,,,,,,,,,,,,,,,,,,,,,,,
Cyan Bundle,,FALSE,,,,,,,,,,,,,,,,,,,,,,,,
Cyan Candle,,FALSE,,,,,,,,,,,,,,,,,,,,,,,,
Cyan Carpet,,FALSE,,,,,,,,,,,,,,,,,,,,,,,,
Cyan Concrete,,FALSE,,,,,,,,,,,,,,,,,,,,,,,,
Cyan Concrete Powder,,FALSE,,,,,,,,,,,,,,,,,,,,,,,,
Cyan Dye,,FALSE,,,,,,,,,,,,,,,,,,,,,,,,
Cyan Glazed Terracotta,,FALSE,,,,,,,,,,,,,,,,,,,,,,,,
Cyan Harness,,FALSE,,,,,,,,,,,,,,,,,,,,,,,,
Cyan Shulker Box,,FALSE,,,,,,,,,,,,,,,,,,,,,,,,
Cyan Stained Glass,,FALSE,,,,,,,,,,,,,,,,,,,,,,,,
Cyan Stained Glass Pane,,FALSE,,,,,,,,,,,,,,,,,,,,,,,,
Cyan Terracotta,,FALSE,,,,,,,,,,,,,,,,,,,,,,,,
Cyan Wool,,FALSE,,,,,,,,,,,,,,,,,,,,,,,,
Damaged Anvil,,FALSE,,,,,,,,,,,,,,,,,,,,,,,,
Dandelion,,FALSE,,,,,,,,,,,,,,,,,,,,,,,,
Dark Oak Boat,,FALSE,,,,,,,,,,,,,,,,,,,,,,,,
Dark Oak Boat with Chest,,FALSE,,,,,,,,,,,,,,,,,,,,,,,,
Dark Oak Button,,FALSE,,,,,,,,,,,,,,,,,,,,,,,,
Dark Oak Door,,FALSE,,,,,,,,,,,,,,,,,,,,,,,,
Dark Oak Fence,,FALSE,,,,,,,,,,,,,,,,,,,,,,,,
Dark Oak Fence Gate,,FALSE,,,,,,,,,,,,,,,,,,,,,,,,
Dark Oak Hanging Sign,,FALSE,,,,,,,,,,,,,,,,,,,,,,,,
Dark Oak Leaves,,FALSE,,,,,,,,,,,,,,,,,,,,,,,,
Dark Oak Log,,FALSE,,,,,,,,,,,,,,,,,,,,,,,,
Dark Oak Planks,,FALSE,,,,,,,,,,,,,,,,,,,,,,,,
Dark Oak Pressure Plate,,FALSE,,,,,,,,,,,,,,,,,,,,,,,,
Dark Oak Sapling,,FALSE,,,,,,,,,,,,,,,,,,,,,,,,
Dark Oak Shelf,,FALSE,,,,,,,,,,,,,,,,,,,,,,,,
Dark Oak Sign,,FALSE,,,,,,,,,,,,,,,,,,,,,,,,
Dark Oak Slab,,FALSE,,,,,,,,,,,,,,,,,,,,,,,,
Dark Oak Stairs,,FALSE,,,,,,,,,,,,,,,,,,,,,,,,
Dark Oak Trapdoor,,FALSE,,,,,,,,,,,,,,,,,,,,,,,,
Dark Oak Wood,,FALSE,,,,,,,,,,,,,,,,,,,,,,,,
Dark Prismarine,,FALSE,,,,,,,,,,,,,,,,,,,,,,,,
Dark Prismarine Slab,,FALSE,,,,,,,,,,,,,,,,,,,,,,,,
Dark Prismarine Stairs,,FALSE,,,,,,,,,,,,,,,,,,,,,,,,
Daylight Detector,,FALSE,,,,,,,,,,,,,,,,,,,,,,,,
Dead Brain Coral,,FALSE,,,,,,,,,,,,,,,,,,,,,,,,
Dead Brain Coral Block,,FALSE,,,,,,,,,,,,,,,,,,,,,,,,
Dead Brain Coral Fan,,FALSE,,,,,,,,,,,,,,,,,,,,,,,,
Dead Bubble Coral,,FALSE,,,,,,,,,,,,,,,,,,,,,,,,
Dead Bubble Coral Block,,FALSE,,,,,,,,,,,,,,,,,,,,,,,,
Dead Bubble Coral Fan,,FALSE,,,,,,,,,,,,,,,,,,,,,,,,
Dead Bush,,FALSE,,,,,,,,,,,,,,,,,,,,,,,,
Dead Fire Coral,,FALSE,,,,,,,,,,,,,,,,,,,,,,,,
Dead Fire Coral Block,,FALSE,,,,,,,,,,,,,,,,,,,,,,,,
Dead Fire Coral Fan,,FALSE,,,,,,,,,,,,,,,,,,,,,,,,
Dead Horn Coral,,FALSE,,,,,,,,,,,,,,,,,,,,,,,,
Dead Horn Coral Block,,FALSE,,,,,,,,,,,,,,,,,,,,,,,,
Dead Horn Coral Fan,,FALSE,,,,,,,,,,,,,,,,,,,,,,,,
Dead Tube Coral,,FALSE,,,,,,,,,,,,,,,,,,,,,,,,
Dead Tube Coral Block,,FALSE,,,,,,,,,,,,,,,,,,,,,,,,
Dead Tube Coral Fan,,FALSE,,,,,,,,,,,,,,,,,,,,,,,,
Deepslate,,FALSE,,,,,,,,,,,,,,,,,,,,,,,,
Deepslate Brick Slab,,FALSE,,,,,,,,,,,,,,,,,,,,,,,,
Deepslate Brick Stairs,,FALSE,,,,,,,,,,,,,,,,,,,,,,,,
Deepslate Brick Wall,,FALSE,,,,,,,,,,,,,,,,,,,,,,,,
Deepslate Bricks,,FALSE,,,,,,,,,,,,,,,,,,,,,,,,
Deepslate Coal Ore,,FALSE,,,,,,,,,,,,,,,,,,,,,,,,
Deepslate Copper Ore,,FALSE,,,,,,,,,,,,,,,,,,,,,,,,
Deepslate Diamond Ore,,FALSE,,,,,,,,,,,,,,,,,,,,,,,,
Deepslate Emerald Ore,,FALSE,,,,,,,,,,,,,,,,,,,,,,,,
Deepslate Gold Ore,,FALSE,,,,,,,,,,,,,,,,,,,,,,,,
Deepslate Iron Ore,,FALSE,,,,,,,,,,,,,,,,,,,,,,,,
Deepslate Lapis Lazuli Ore,,FALSE,,,,,,,,,,,,,,,,,,,,,,,,
Deepslate Redstone Ore,,FALSE,,,,,,,,,,,,,,,,,,,,,,,,
Deepslate Tile Slab,,FALSE,,,,,,,,,,,,,,,,,,,,,,,,
Deepslate Tile Stairs,,FALSE,,,,,,,,,,,,,,,,,,,,,,,,
Deepslate Tile Wall,,FALSE,,,,,,,,,,,,,,,,,,,,,,,,
Deepslate Tiles,,FALSE,,,,,,,,,,,,,,,,,,,,,,,,
Desert Village Map,,FALSE,,,,,,,,,,,,,,,,,,,,,,,,
Detector Rail,,FALSE,,,,,,,,,,,,,,,,,,,,,,,,
Diamond,,FALSE,,,,,,,,,,,,,,,,,,,,,,,,
Diamond Axe,,FALSE,,,,,,,,,,,,,,,,,,,,,,,,
Diamond Boots,,FALSE,,,,,,,,,,,,,,,,,,,,,,,,
Diamond Chestplate,,FALSE,,,,,,,,,,,,,,,,,,,,,,,,
Diamond Helmet,,FALSE,,,,,,,,,,,,,,,,,,,,,,,,
Diamond Hoe,,FALSE,,,,,,,,,,,,,,,,,,,,,,,,
Diamond Horse Armor,,FALSE,,,,,,,,,,,,,,,,,,,,,,,,
Diamond Leggings,,FALSE,,,,,,,,,,,,,,,,,,,,,,,,
Diamond Nautilus Armor,,FALSE,,,,,,,,,,,,,,,,,,,,,,,,
Diamond Ore,,FALSE,,,,,,,,,,,,,,,,,,,,,,,,
Diamond Pickaxe,,FALSE,,,,,,,,,,,,,,,,,,,,,,,,
Diamond Shovel,,FALSE,,,,,,,,,,,,,,,,,,,,,,,,
Diamond Spear,,FALSE,,,,,,,,,,,,,,,,,,,,,,,,
Diamond Sword,,FALSE,,,,,,,,,,,,,,,,,,,,,,,,
Diorite,,FALSE,,,,,,,,,,,,,,,,,,,,,,,,
Diorite Slab,,FALSE,,,,,,,,,,,,,,,,,,,,,,,,
Diorite Stairs,,FALSE,,,,,,,,,,,,,,,,,,,,,,,,
Diorite Wall,,FALSE,,,,,,,,,,,,,,,,,,,,,,,,
Dirt,,FALSE,,,,,,,,,,,,,,,,,,,,,,,,
Dirt Path[BE],,FALSE,,,,,,,,,,,,,,,,,,,,,,,,
Disc Fragment,,FALSE,,,,,,,,,,,,,,,,,,,,,,,,
Dispenser,,FALSE,,,,,,,,,,,,,,,,,,,,,,,,
Dragon Egg,,FALSE,,,,,,,,,,,,,,,,,,,,,,,,
Dragon Head,,FALSE,,,,,,,,,,,,,,,,,,,,,,,,
Dragon's Breath,,FALSE,,,,,,,,,,,,,,,,,,,,,,,,
Dried Ghast,,FALSE,,,,,,,,,,,,,,,,,,,,,,,,
Dried Kelp,,FALSE,,,,,,,,,,,,,,,,,,,,,,,,
Dried Kelp Block,,FALSE,,,,,,,,,,,,,,,,,,,,,,,,
Dripstone Block,,FALSE,,,,,,,,,,,,,,,,,,,,,,,,
Dropper,,FALSE,,,,,,,,,,,,,,,,,,,,,,,,
Echo Shard,,FALSE,,,,,,,,,,,,,,,,,,,,,,,,
Egg,,FALSE,,,,,,,,,,,,,,,,,,,,,,,,
Elytra,,FALSE,,,,,,,,,,,,,,,,,,,,,,,,
Emerald,,FALSE,,,,,,,,,,,,,,,,,,,,,,,,
Emerald Ore,,FALSE,,,,,,,,,,,,,,,,,,,,,,,,
Empty Map,,FALSE,,,,,,,,,,,,,,,,,,,,,,,,
Enchanted Golden Apple,,FALSE,,,,,,,,,,,,,,,,,,,,,,,,
Enchanting Table,,FALSE,,,,,,,,,,,,,,,,,,,,,,,,
End Crystal,,FALSE,,,,,,,,,,,,,,,,,,,,,,,,
End Rod,,FALSE,,,,,,,,,,,,,,,,,,,,,,,,
End Stone,,FALSE,,,,,,,,,,,,,,,,,,,,,,,,
End Stone Brick Slab,,FALSE,,,,,,,,,,,,,,,,,,,,,,,,
End Stone Brick Stairs,,FALSE,,,,,,,,,,,,,,,,,,,,,,,,
End Stone Brick Wall,,FALSE,,,,,,,,,,,,,,,,,,,,,,,,
End Stone Bricks,,FALSE,,,,,,,,,,,,,,,,,,,,,,,,
Ender Chest,,FALSE,,,,,,,,,,,,,,,,,,,,,,,,
Ender Pearl,,FALSE,,,,,,,,,,,,,,,,,,,,,,,,
Exposed Chiseled Copper,,FALSE,,,,,,,,,,,,,,,,,,,,,,,,
Exposed Copper,,FALSE,,,,,,,,,,,,,,,,,,,,,,,,
Exposed Copper Bars,,FALSE,,,,,,,,,,,,,,,,,,,,,,,,
Exposed Copper Bulb,,FALSE,,,,,,,,,,,,,,,,,,,,,,,,
Exposed Copper Chain,,FALSE,,,,,,,,,,,,,,,,,,,,,,,,
Exposed Copper Chest,,FALSE,,,,,,,,,,,,,,,,,,,,,,,,
Exposed Copper Door,,FALSE,,,,,,,,,,,,,,,,,,,,,,,,
Exposed Copper Golem Statue,,FALSE,,,,,,,,,,,,,,,,,,,,,,,,
Exposed Copper Grate,,FALSE,,,,,,,,,,,,,,,,,,,,,,,,
Exposed Copper Lantern,,FALSE,,,,,,,,,,,,,,,,,,,,,,,,
Exposed Copper Trapdoor,,FALSE,,,,,,,,,,,,,,,,,,,,,,,,
Exposed Cut Copper,,FALSE,,,,,,,,,,,,,,,,,,,,,,,,
Exposed Cut Copper Slab,,FALSE,,,,,,,,,,,,,,,,,,,,,,,,
Exposed Cut Copper Stairs,,FALSE,,,,,,,,,,,,,,,,,,,,,,,,
Exposed Lightning Rod,,FALSE,,,,,,,,,,,,,,,,,,,,,,,,
Eye of Ender,,FALSE,,,,,,,,,,,,,,,,,,,,,,,,
Feather,,FALSE,,,,,,,,,,,,,,,,,,,,,,,,
Fermented Spider Eye,,FALSE,,,,,,,,,,,,,,,,,,,,,,,,
Fern,,FALSE,,,,,,,,,,,,,,,,,,,,,,,,
Fire Charge,,FALSE,,,,,,,,,,,,,,,,,,,,,,,,
Fire Coral,,FALSE,,,,,,,,,,,,,,,,,,,,,,,,
Fire Coral Block,,FALSE,,,,,,,,,,,,,,,,,,,,,,,,
Fire Coral Fan,,FALSE,,,,,,,,,,,,,,,,,,,,,,,,
Firefly Bush,,FALSE,,,,,,,,,,,,,,,,,,,,,,,,
Firework Rocket,,FALSE,,,,,,,,,,,,,,,,,,,,,,,,
Firework Rocket Black,,FALSE,,,,,,,,,,,,,,,,,,,,,,,,
Firework Rocket Blue,,FALSE,,,,,,,,,,,,,,,,,,,,,,,,
Firework Rocket Brown,,FALSE,,,,,,,,,,,,,,,,,,,,,,,,
Firework Rocket Cyan,,FALSE,,,,,,,,,,,,,,,,,,,,,,,,
Firework Rocket Gray,,FALSE,,,,,,,,,,,,,,,,,,,,,,,,
Firework Rocket Green,,FALSE,,,,,,,,,,,,,,,,,,,,,,,,
Firework Rocket Light Blue,,FALSE,,,,,,,,,,,,,,,,,,,,,,,,
Firework Rocket Light Gray,,FALSE,,,,,,,,,,,,,,,,,,,,,,,,
Firework Rocket Lime,,FALSE,,,,,,,,,,,,,,,,,,,,,,,,
Firework Rocket Magenta,,FALSE,,,,,,,,,,,,,,,,,,,,,,,,
Firework Rocket Orange,,FALSE,,,,,,,,,,,,,,,,,,,,,,,,
Firework Rocket Pink,,FALSE,,,,,,,,,,,,,,,,,,,,,,,,
Firework Rocket Purple,,FALSE,,,,,,,,,,,,,,,,,,,,,,,,
Firework Rocket Red,,FALSE,,,,,,,,,,,,,,,,,,,,,,,,
Firework Rocket White,,FALSE,,,,,,,,,,,,,,,,,,,,,,,,
Firework Rocket Yellow,,FALSE,,,,,,,,,,,,,,,,,,,,,,,,
Firework Star Black,,FALSE,,,,,,,,,,,,,,,,,,,,,,,,
Firework Star Blue,,FALSE,,,,,,,,,,,,,,,,,,,,,,,,
Firework Star Brown,,FALSE,,,,,,,,,,,,,,,,,,,,,,,,
Firework Star Cyan,,FALSE,,,,,,,,,,,,,,,,,,,,,,,,
Firework Star Gray,,FALSE,,,,,,,,,,,,,,,,,,,,,,,,
Firework Star Green,,FALSE,,,,,,,,,,,,,,,,,,,,,,,,
Firework Star Light Blue,,FALSE,,,,,,,,,,,,,,,,,,,,,,,,
Firework Star Light Gray,,FALSE,,,,,,,,,,,,,,,,,,,,,,,,
Firework Star Lime,,FALSE,,,,,,,,,,,,,,,,,,,,,,,,
Firework Star Magenta,,FALSE,,,,,,,,,,,,,,,,,,,,,,,,
Firework Star Orange,,FALSE,,,,,,,,,,,,,,,,,,,,,,,,
Firework Star Pink,,FALSE,,,,,,,,,,,,,,,,,,,,,,,,
Firework Star Purple,,FALSE,,,,,,,,,,,,,,,,,,,,,,,,
Firework Star Red,,FALSE,,,,,,,,,,,,,,,,,,,,,,,,
Firework Star White,,FALSE,,,,,,,,,,,,,,,,,,,,,,,,
Firework Star Yellow,,FALSE,,,,,,,,,,,,,,,,,,,,,,,,
Fishing Rod,,FALSE,,,,,,,,,,,,,,,,,,,,,,,,
Fletching Table,,FALSE,,,,,,,,,,,,,,,,,,,,,,,,
Flint,,FALSE,,,,,,,,,,,,,,,,,,,,,,,,
Flint and Steel,,FALSE,,,,,,,,,,,,,,,,,,,,,,,,
Flower Pot,,FALSE,,,,,,,,,,,,,,,,,,,,,,,,
Flowering Azalea,,FALSE,,,,,,,,,,,,,,,,,,,,,,,,
Flowering Azalea Leaves,,FALSE,,,,,,,,,,,,,,,,,,,,,,,,
Furnace,,FALSE,,,,,,,,,,,,,,,,,,,,,,,,
Ghast Tear,,FALSE,,,,,,,,,,,,,,,,,,,,,,,,
Gilded Blackstone,,FALSE,,,,,,,,,,,,,,,,,,,,,,,,
Glass,,FALSE,,,,,,,,,,,,,,,,,,,,,,,,
Glass Bottle,,FALSE,,,,,,,,,,,,,,,,,,,,,,,,
Glass Pane,,FALSE,,,,,,,,,,,,,,,,,,,,,,,,
Glistering Melon Slice,,FALSE,,,,,,,,,,,,,,,,,,,,,,,,
Glow Berries,,FALSE,,,,,,,,,,,,,,,,,,,,,,,,
Glow Ink Sac,,FALSE,,,,,,,,,,,,,,,,,,,,,,,,
Glow Item Frame,,FALSE,,,,,,,,,,,,,,,,,,,,,,,,
Glow Lichen,,FALSE,,,,,,,,,,,,,,,,,,,,,,,,
Glowstone,,FALSE,,,,,,,,,,,,,,,,,,,,,,,,
Glowstone Dust,,FALSE,,,,,,,,,,,,,,,,,,,,,,,,
Goat Horn (Admire),,FALSE,,,,,,,,,,,,,,,,,,,,,,,,
Goat Horn (Call),,FALSE,,,,,,,,,,,,,,,,,,,,,,,,
Goat Horn (Dream),,FALSE,,,,,,,,,,,,,,,,,,,,,,,,
Goat Horn (Feel),,FALSE,,,,,,,,,,,,,,,,,,,,,,,,
Goat Horn (Ponder),,FALSE,,,,,,,,,,,,,,,,,,,,,,,,
Goat Horn (Seek),,FALSE,,,,,,,,,,,,,,,,,,,,,,,,
Goat Horn (Sing),,FALSE,,,,,,,,,,,,,,,,,,,,,,,,
Goat Horn (Yearn),,FALSE,,,,,,,,,,,,,,,,,,,,,,,,
Gold Ingot,,FALSE,,,,,,,,,,,,,,,,,,,,,,,,
Gold Nautilus Armor,,FALSE,,,,,,,,,,,,,,,,,,,,,,,,
Gold Nugget,,FALSE,,,,,,,,,,,,,,,,,,,,,,,,
Gold Ore,,FALSE,,,,,,,,,,,,,,,,,,,,,,,,
Golden Apple,,FALSE,,,,,,,,,,,,,,,,,,,,,,,,
Golden Axe,,FALSE,,,,,,,,,,,,,,,,,,,,,,,,
Golden Boots,,FALSE,,,,,,,,,,,,,,,,,,,,,,,,
Golden Carrot,,FALSE,,,,,,,,,,,,,,,,,,,,,,,,
Golden Chestplate,,FALSE,,,,,,,,,,,,,,,,,,,,,,,,
Golden Helmet,,FALSE,,,,,,,,,,,,,,,,,,,,,,,,
Golden Hoe,,FALSE,,,,,,,,,,,,,,,,,,,,,,,,
Golden Horse Armor,,FALSE,,,,,,,,,,,,,,,,,,,,,,,,
Golden Leggings,,FALSE,,,,,,,,,,,,,,,,,,,,,,,,
Golden Pickaxe,,FALSE,,,,,,,,,,,,,,,,,,,,,,,,
Golden Shovel,,FALSE,,,,,,,,,,,,,,,,,,,,,,,,
Golden Spear,,FALSE,,,,,,,,,,,,,,,,,,,,,,,,
Golden Sword,,FALSE,,,,,,,,,,,,,,,,,,,,,,,,
Granite,,FALSE,,,,,,,,,,,,,,,,,,,,,,,,
Granite Slab,,FALSE,,,,,,,,,,,,,,,,,,,,,,,,
Granite Stairs,,FALSE,,,,,,,,,,,,,,,,,,,,,,,,
Granite Wall,,FALSE,,,,,,,,,,,,,,,,,,,,,,,,
Grass Block,,FALSE,,,,,,,,,,,,,,,,,,,,,,,,
Gravel,,FALSE,,,,,,,,,,,,,,,,,,,,,,,,
Gray Banner,,FALSE,,,,,,,,,,,,,,,,,,,,,,,,
Gray Bed,,FALSE,,,,,,,,,,,,,,,,,,,,,,,,
Gray Bundle,,FALSE,,,,,,,,,,,,,,,,,,,,,,,,
Gray Candle,,FALSE,,,,,,,,,,,,,,,,,,,,,,,,
Gray Carpet,,FALSE,,,,,,,,,,,,,,,,,,,,,,,,
Gray Concrete,,FALSE,,,,,,,,,,,,,,,,,,,,,,,,
Gray Concrete Powder,,FALSE,,,,,,,,,,,,,,,,,,,,,,,,
Gray Dye,,FALSE,,,,,,,,,,,,,,,,,,,,,,,,
Gray Glazed Terracotta,,FALSE,,,,,,,,,,,,,,,,,,,,,,,,
Gray Harness,,FALSE,,,,,,,,,,,,,,,,,,,,,,,,
Gray Shulker Box,,FALSE,,,,,,,,,,,,,,,,,,,,,,,,
Gray Stained Glass,,FALSE,,,,,,,,,,,,,,,,,,,,,,,,
Gray Stained Glass Pane,,FALSE,,,,,,,,,,,,,,,,,,,,,,,,
Gray Terracotta,,FALSE,,,,,,,,,,,,,,,,,,,,,,,,
Gray Wool,,FALSE,,,,,,,,,,,,,,,,,,,,,,,,
Green Banner,,FALSE,,,,,,,,,,,,,,,,,,,,,,,,
Green Bed,,FALSE,,,,,,,,,,,,,,,,,,,,,,,,
Green Bundle,,FALSE,,,,,,,,,,,,,,,,,,,,,,,,
Green Candle,,FALSE,,,,,,,,,,,,,,,,,,,,,,,,
Green Carpet,,FALSE,,,,,,,,,,,,,,,,,,,,,,,,
Green Concrete,,FALSE,,,,,,,,,,,,,,,,,,,,,,,,
Green Concrete Powder,,FALSE,,,,,,,,,,,,,,,,,,,,,,,,
Green Dye,,FALSE,,,,,,,,,,,,,,,,,,,,,,,,
Green Glazed Terracotta,,FALSE,,,,,,,,,,,,,,,,,,,,,,,,
Green Harness,,FALSE,,,,,,,,,,,,,,,,,,,,,,,,
Green Shulker Box,,FALSE,,,,,,,,,,,,,,,,,,,,,,,,
Green Stained Glass,,FALSE,,,,,,,,,,,,,,,,,,,,,,,,
Green Stained Glass Pane,,FALSE,,,,,,,,,,,,,,,,,,,,,,,,
Green Terracotta,,FALSE,,,,,,,,,,,,,,,,,,,,,,,,
Green Wool,,FALSE,,,,,,,,,,,,,,,,,,,,,,,,
Grindstone,,FALSE,,,,,,,,,,,,,,,,,,,,,,,,
Gunpowder,,FALSE,,,,,,,,,,,,,,,,,,,,,,,,
Hanging Roots,,FALSE,,,,,,,,,,,,,,,,,,,,,,,,
Hay Bale,,FALSE,,,,,,,,,,,,,,,,,,,,,,,,
Heart of the Sea,,FALSE,,,,,,,,,,,,,,,,,,,,,,,,
Heavy Core,,FALSE,,,,,,,,,,,,,,,,,,,,,,,,
Heavy Weighted Pressure Plate,,FALSE,,,,,,,,,,,,,,,,,,,,,,,,
Honey Block,,FALSE,,,,,,,,,,,,,,,,,,,,,,,,
Honey Bottle,,FALSE,,,,,,,,,,,,,,,,,,,,,,,,
Honeycomb,,FALSE,,,,,,,,,,,,,,,,,,,,,,,,
Honeycomb Block,,FALSE,,,,,,,,,,,,,,,,,,,,,,,,
Hopper,,FALSE,,,,,,,,,,,,,,,,,,,,,,,,
Horn Coral,,FALSE,,,,,,,,,,,,,,,,,,,,,,,,
Horn Coral Block,,FALSE,,,,,,,,,,,,,,,,,,,,,,,,
Horn Coral Fan,,FALSE,,,,,,,,,,,,,,,,,,,,,,,,
Ice,,FALSE,,,,,,,,,,,,,,,,,,,,,,,,
Ink Sac,,FALSE,,,,,,,,,,,,,,,,,,,,,,,,
Iron Axe,,FALSE,,,,,,,,,,,,,,,,,,,,,,,,
Iron Bars,,FALSE,,,,,,,,,,,,,,,,,,,,,,,,
Iron Boots,,FALSE,,,,,,,,,,,,,,,,,,,,,,,,
Iron Chain,,FALSE,,,,,,,,,,,,,,,,,,,,,,,,
Iron Chestplate,,FALSE,,,,,,,,,,,,,,,,,,,,,,,,
Iron Door,,FALSE,,,,,,,,,,,,,,,,,,,,,,,,
Iron Helmet,,FALSE,,,,,,,,,,,,,,,,,,,,,,,,
Iron Hoe,,FALSE,,,,,,,,,,,,,,,,,,,,,,,,
Iron Horse Armor,,FALSE,,,,,,,,,,,,,,,,,,,,,,,,
Iron Ingot,,FALSE,,,,,,,,,,,,,,,,,,,,,,,,
Iron Leggings,,FALSE,,,,,,,,,,,,,,,,,,,,,,,,
Iron Nautilus Armor,,FALSE,,,,,,,,,,,,,,,,,,,,,,,,
Iron Nugget,,FALSE,,,,,,,,,,,,,,,,,,,,,,,,
Iron Ore,,FALSE,,,,,,,,,,,,,,,,,,,,,,,,
Iron Pickaxe,,FALSE,,,,,,,,,,,,,,,,,,,,,,,,
Iron Shovel,,FALSE,,,,,,,,,,,,,,,,,,,,,,,,
Iron Spear,,FALSE,,,,,,,,,,,,,,,,,,,,,,,,
Iron Sword,,FALSE,,,,,,,,,,,,,,,,,,,,,,,,
Iron Trapdoor,,FALSE,,,,,,,,,,,,,,,,,,,,,,,,
Item Frame,,FALSE,,,,,,,,,,,,,,,,,,,,,,,,
Jack o'Lantern,,FALSE,,,,,,,,,,,,,,,,,,,,,,,,
Jukebox,,FALSE,,,,,,,,,,,,,,,,,,,,,,,,
Jungle Boat,,FALSE,,,,,,,,,,,,,,,,,,,,,,,,
Jungle Boat with Chest,,FALSE,,,,,,,,,,,,,,,,,,,,,,,,
Jungle Button,,FALSE,,,,,,,,,,,,,,,,,,,,,,,,
Jungle Door,,FALSE,,,,,,,,,,,,,,,,,,,,,,,,
Jungle Explorer Map,,FALSE,,,,,,,,,,,,,,,,,,,,,,,,
Jungle Fence,,FALSE,,,,,,,,,,,,,,,,,,,,,,,,
Jungle Fence Gate,,FALSE,,,,,,,,,,,,,,,,,,,,,,,,
Jungle Hanging Sign,,FALSE,,,,,,,,,,,,,,,,,,,,,,,,
Jungle Leaves,,FALSE,,,,,,,,,,,,,,,,,,,,,,,,
Jungle Log,,FALSE,,,,,,,,,,,,,,,,,,,,,,,,
Jungle Planks,,FALSE,,,,,,,,,,,,,,,,,,,,,,,,
Jungle Pressure Plate,,FALSE,,,,,,,,,,,,,,,,,,,,,,,,
Jungle Sapling,,FALSE,,,,,,,,,,,,,,,,,,,,,,,,
Jungle Shelf,,FALSE,,,,,,,,,,,,,,,,,,,,,,,,
Jungle Sign,,FALSE,,,,,,,,,,,,,,,,,,,,,,,,
Jungle Slab,,FALSE,,,,,,,,,,,,,,,,,,,,,,,,
Jungle Stairs,,FALSE,,,,,,,,,,,,,,,,,,,,,,,,
Jungle Trapdoor,,FALSE,,,,,,,,,,,,,,,,,,,,,,,,
Jungle Wood,,FALSE,,,,,,,,,,,,,,,,,,,,,,,,
Kelp,,FALSE,,,,,,,,,,,,,,,,,,,,,,,,
Ladder,,FALSE,,,,,,,,,,,,,,,,,,,,,,,,
Lantern,,FALSE,,,,,,,,,,,,,,,,,,,,,,,,
Lapis Lazuli,,FALSE,,,,,,,,,,,,,,,,,,,,,,,,
Lapis Lazuli Ore,,FALSE,,,,,,,,,,,,,,,,,,,,,,,,
Large Amethyst Bud,,FALSE,,,,,,,,,,,,,,,,,,,,,,,,
Large Fern,,FALSE,,,,,,,,,,,,,,,,,,,,,,,,
Lava Bucket,,FALSE,,,,,,,,,,,,,,,,,,,,,,,,
Lead,,FALSE,,,,,,,,,,,,,,,,,,,,,,,,
Leaf Litter,,FALSE,,,,,,,,,,,,,,,,,,,,,,,,
Leather,,FALSE,,,,,,,,,,,,,,,,,,,,,,,,
Leather Boots,,FALSE,,,,,,,,,,,,,,,,,,,,,,,,
Leather Cap,,FALSE,,,,,,,,,,,,,,,,,,,,,,,,
Leather Horse Armor,,FALSE,,,,,,,,,,,,,,,,,,,,,,,,
Leather Pants,,FALSE,,,,,,,,,,,,,,,,,,,,,,,,
Leather Tunic,,FALSE,,,,,,,,,,,,,,,,,,,,,,,,
Lectern,,FALSE,,,,,,,,,,,,,,,,,,,,,,,,
Lever,,FALSE,,,,,,,,,,,,,,,,,,,,,,,,
Light Blue Banner,,FALSE,,,,,,,,,,,,,,,,,,,,,,,,
Light Blue Bed,,FALSE,,,,,,,,,,,,,,,,,,,,,,,,
Light Blue Bundle,,FALSE,,,,,,,,,,,,,,,,,,,,,,,,
Light Blue Candle,,FALSE,,,,,,,,,,,,,,,,,,,,,,,,
Light Blue Carpet,,FALSE,,,,,,,,,,,,,,,,,,,,,,,,
Light Blue Concrete,,FALSE,,,,,,,,,,,,,,,,,,,,,,,,
Light Blue Concrete Powder,,FALSE,,,,,,,,,,,,,,,,,,,,,,,,
Light Blue Dye,,FALSE,,,,,,,,,,,,,,,,,,,,,,,,
Light Blue Glazed Terracotta,,FALSE,,,,,,,,,,,,,,,,,,,,,,,,
Light Blue Harness,,FALSE,,,,,,,,,,,,,,,,,,,,,,,,
Light Blue Shulker Box,,FALSE,,,,,,,,,,,,,,,,,,,,,,,,
Light Blue Stained Glass,,FALSE,,,,,,,,,,,,,,,,,,,,,,,,
Light Blue Stained Glass Pane,,FALSE,,,,,,,,,,,,,,,,,,,,,,,,
Light Blue Terracotta,,FALSE,,,,,,,,,,,,,,,,,,,,,,,,
Light Blue Wool,,FALSE,,,,,,,,,,,,,,,,,,,,,,,,
Light Gray Banner,,FALSE,,,,,,,,,,,,,,,,,,,,,,,,
Light Gray Bed,,FALSE,,,,,,,,,,,,,,,,,,,,,,,,
Light Gray Bundle,,FALSE,,,,,,,,,,,,,,,,,,,,,,,,
Light Gray Candle,,FALSE,,,,,,,,,,,,,,,,,,,,,,,,
Light Gray Carpet,,FALSE,,,,,,,,,,,,,,,,,,,,,,,,
Light Gray Concrete,,FALSE,,,,,,,,,,,,,,,,,,,,,,,,
Light Gray Concrete Powder,,FALSE,,,,,,,,,,,,,,,,,,,,,,,,
Light Gray Dye,,FALSE,,,,,,,,,,,,,,,,,,,,,,,,
Light Gray Glazed Terracotta,,FALSE,,,,,,,,,,,,,,,,,,,,,,,,
Light Gray Harness,,FALSE,,,,,,,,,,,,,,,,,,,,,,,,
Light Gray Shulker Box,,FALSE,,,,,,,,,,,,,,,,,,,,,,,,
Light Gray Stained Glass,,FALSE,,,,,,,,,,,,,,,,,,,,,,,,
Light Gray Stained Glass Pane,,FALSE,,,,,,,,,,,,,,,,,,,,,,,,
Light Gray Terracotta,,FALSE,,,,,,,,,,,,,,,,,,,,,,,,
Light Gray Wool,,FALSE,,,,,,,,,,,,,,,,,,,,,,,,
Light Weighted Pressure Plate,,FALSE,,,,,,,,,,,,,,,,,,,,,,,,
Lightning Rod,,FALSE,,,,,,,,,,,,,,,,,,,,,,,,
Lilac,,FALSE,,,,,,,,,,,,,,,,,,,,,,,,
Lily of the Valley,,FALSE,,,,,,,,,,,,,,,,,,,,,,,,
Lily Pad,,FALSE,,,,,,,,,,,,,,,,,,,,,,,,
Lime Banner,,FALSE,,,,,,,,,,,,,,,,,,,,,,,,
Lime Bed,,FALSE,,,,,,,,,,,,,,,,,,,,,,,,
Lime Bundle,,FALSE,,,,,,,,,,,,,,,,,,,,,,,,
Lime Candle,,FALSE,,,,,,,,,,,,,,,,,,,,,,,,
Lime Carpet,,FALSE,,,,,,,,,,,,,,,,,,,,,,,,
Lime Concrete,,FALSE,,,,,,,,,,,,,,,,,,,,,,,,
Lime Concrete Powder,,FALSE,,,,,,,,,,,,,,,,,,,,,,,,
Lime Dye,,FALSE,,,,,,,,,,,,,,,,,,,,,,,,
Lime Glazed Terracotta,,FALSE,,,,,,,,,,,,,,,,,,,,,,,,
Lime Harness,,FALSE,,,,,,,,,,,,,,,,,,,,,,,,
Lime Shulker Box,,FALSE,,,,,,,,,,,,,,,,,,,,,,,,
Lime Stained Glass,,FALSE,,,,,,,,,,,,,,,,,,,,,,,,
Lime Stained Glass Pane,,FALSE,,,,,,,,,,,,,,,,,,,,,,,,
Lime Terracotta,,FALSE,,,,,,,,,,,,,,,,,,,,,,,,
Lime Wool,,FALSE,,,,,,,,,,,,,,,,,,,,,,,,
Lodestone,,FALSE,,,,,,,,,,,,,,,,,,,,,,,,
Lodestone Compass,,FALSE,,,,,,,,,,,,,,,,,,,,,,,,
Loom,,FALSE,,,,,,,,,,,,,,,,,,,,,,,,
Mace,,FALSE,,,,,,,,,,,,,,,,,,,,,,,,
Magenta Banner,,FALSE,,,,,,,,,,,,,,,,,,,,,,,,
Magenta Bed,,FALSE,,,,,,,,,,,,,,,,,,,,,,,,
Magenta Bundle,,FALSE,,,,,,,,,,,,,,,,,,,,,,,,
Magenta Candle,,FALSE,,,,,,,,,,,,,,,,,,,,,,,,
Magenta Carpet,,FALSE,,,,,,,,,,,,,,,,,,,,,,,,
Magenta Concrete,,FALSE,,,,,,,,,,,,,,,,,,,,,,,,
Magenta Concrete Powder,,FALSE,,,,,,,,,,,,,,,,,,,,,,,,
Magenta Dye,,FALSE,,,,,,,,,,,,,,,,,,,,,,,,
Magenta Glazed Terracotta,,FALSE,,,,,,,,,,,,,,,,,,,,,,,,
Magenta Harness,,FALSE,,,,,,,,,,,,,,,,,,,,,,,,
Magenta Shulker Box,,FALSE,,,,,,,,,,,,,,,,,,,,,,,,
Magenta Stained Glass,,FALSE,,,,,,,,,,,,,,,,,,,,,,,,
Magenta Stained Glass Pane,,FALSE,,,,,,,,,,,,,,,,,,,,,,,,
Magenta Terracotta,,FALSE,,,,,,,,,,,,,,,,,,,,,,,,
Magenta Wool,,FALSE,,,,,,,,,,,,,,,,,,,,,,,,
Magma Block,,FALSE,,,,,,,,,,,,,,,,,,,,,,,,
Magma Cream,,FALSE,,,,,,,,,,,,,,,,,,,,,,,,
Mangrove Boat,,FALSE,,,,,,,,,,,,,,,,,,,,,,,,
Mangrove Boat with Chest,,FALSE,,,,,,,,,,,,,,,,,,,,,,,,
Mangrove Button,,FALSE,,,,,,,,,,,,,,,,,,,,,,,,
Mangrove Door,,FALSE,,,,,,,,,,,,,,,,,,,,,,,,
Mangrove Fence,,FALSE,,,,,,,,,,,,,,,,,,,,,,,,
Mangrove Fence Gate,,FALSE,,,,,,,,,,,,,,,,,,,,,,,,
Mangrove Hanging Sign,,FALSE,,,,,,,,,,,,,,,,,,,,,,,,
Mangrove Leaves,,FALSE,,,,,,,,,,,,,,,,,,,,,,,,
Mangrove Log,,FALSE,,,,,,,,,,,,,,,,,,,,,,,,
Mangrove Planks,,FALSE,,,,,,,,,,,,,,,,,,,,,,,,
Mangrove Pressure Plate,,FALSE,,,,,,,,,,,,,,,,,,,,,,,,
Mangrove Propagule,,FALSE,,,,,,,,,,,,,,,,,,,,,,,,
Mangrove Roots,,FALSE,,,,,,,,,,,,,,,,,,,,,,,,
Mangrove Shelf,,FALSE,,,,,,,,,,,,,,,,,,,,,,,,
Mangrove Sign,,FALSE,,,,,,,,,,,,,,,,,,,,,,,,
Mangrove Slab,,FALSE,,,,,,,,,,,,,,,,,,,,,,,,
Mangrove Stairs,,FALSE,,,,,,,,,,,,,,,,,,,,,,,,
Mangrove Trapdoor,,FALSE,,,,,,,,,,,,,,,,,,,,,,,,
Mangrove Wood,,FALSE,,,,,,,,,,,,,,,,,,,,,,,,
Map,,FALSE,,,,,,,,,,,,,,,,,,,,,,,,
Medium Amethyst Bud,,FALSE,,,,,,,,,,,,,,,,,,,,,,,,
Melon,,FALSE,,,,,,,,,,,,,,,,,,,,,,,,
Melon Seeds,,FALSE,,,,,,,,,,,,,,,,,,,,,,,,
Melon Slice,,FALSE,,,,,,,,,,,,,,,,,,,,,,,,
Milk Bucket,,FALSE,,,,,,,,,,,,,,,,,,,,,,,,
Minecart,,FALSE,,,,,,,,,,,,,,,,,,,,,,,,
Minecart with Chest,,FALSE,,,,,,,,,,,,,,,,,,,,,,,,
Minecart with Furnace‌[JE],,FALSE,,,,,,,,,,,,,,,,,,,,,,,,
Minecart with Hopper,,FALSE,,,,,,,,,,,,,,,,,,,,,,,,
Minecart with TNT,,FALSE,,,,,,,,,,,,,,,,,,,,,,,,
Moss Block,,FALSE,,,,,,,,,,,,,,,,,,,,,,,,
Moss Carpet,,FALSE,,,,,,,,,,,,,,,,,,,,,,,,
Mossy Cobblestone,,FALSE,,,,,,,,,,,,,,,,,,,,,,,,
Mossy Cobblestone Slab,,FALSE,,,,,,,,,,,,,,,,,,,,,,,,
Mossy Cobblestone Stairs,,FALSE,,,,,,,,,,,,,,,,,,,,,,,,
Mossy Cobblestone Wall,,FALSE,,,,,,,,,,,,,,,,,,,,,,,,
Mossy Stone Brick Slab,,FALSE,,,,,,,,,,,,,,,,,,,,,,,,
Mossy Stone Brick Stairs,,FALSE,,,,,,,,,,,,,,,,,,,,,,,,
Mossy Stone Brick Wall,,FALSE,,,,,,,,,,,,,,,,,,,,,,,,
Mossy Stone Bricks,,FALSE,,,,,,,,,,,,,,,,,,,,,,,,
Mud,,FALSE,,,,,,,,,,,,,,,,,,,,,,,,
Mud Brick Slab,,FALSE,,,,,,,,,,,,,,,,,,,,,,,,
Mud Brick Stairs,,FALSE,,,,,,,,,,,,,,,,,,,,,,,,
Mud Brick Wall,,FALSE,,,,,,,,,,,,,,,,,,,,,,,,
Mud Bricks,,FALSE,,,,,,,,,,,,,,,,,,,,,,,,
Muddy Mangrove Roots,,FALSE,,,,,,,,,,,,,,,,,,,,,,,,
Mushroom Stem,,FALSE,,,,,,,,,,,,,,,,,,,,,,,,
Mushroom Stew,,FALSE,,,,,,,,,,,,,,,,,,,,,,,,
Music Disc (11),,FALSE,,,,,,,,,,,,,,,,,,,,,,,,
Music Disc (13),,FALSE,,,,,,,,,,,,,,,,,,,,,,,,
Music Disc (5),,FALSE,,,,,,,,,,,,,,,,,,,,,,,,
Music Disc (Blocks),,FALSE,,,,,,,,,,,,,,,,,,,,,,,,
Music Disc (Cat),,FALSE,,,,,,,,,,,,,,,,,,,,,,,,
Music Disc (Chirp),,FALSE,,,,,,,,,,,,,,,,,,,,,,,,
Music Disc (Creator Music Box),,FALSE,,,,,,,,,,,,,,,,,,,,,,,,
Music Disc (Creator),,FALSE,,,,,,,,,,,,,,,,,,,,,,,,
Music Disc (Far),,FALSE,,,,,,,,,,,,,,,,,,,,,,,,
Music Disc (Lava Chicken),,FALSE,,,,,,,,,,,,,,,,,,,,,,,,
Music Disc (Mall),,FALSE,,,,,,,,,,,,,,,,,,,,,,,,
Music Disc (Mellohi),,FALSE,,,,,,,,,,,,,,,,,,,,,,,,
Music Disc (Otherside),,FALSE,,,,,,,,,,,,,,,,,,,,,,,,
Music Disc (Pigstep),,FALSE,,,,,,,,,,,,,,,,,,,,,,,,
Music Disc (Precipe),,FALSE,,,,,,,,,,,,,,,,,,,,,,,,
Music Disc (Relic),,FALSE,,,,,,,,,,,,,,,,,,,,,,,,
Music Disc (Stal),,FALSE,,,,,,,,,,,,,,,,,,,,,,,,
Music Disc (Strad),,FALSE,,,,,,,,,,,,,,,,,,,,,,,,
Music Disc (Tears),,FALSE,,,,,,,,,,,,,,,,,,,,,,,,
Music Disc (Wait),,FALSE,,,,,,,,,,,,,,,,,,,,,,,,
Music Disc (Ward),,FALSE,,,,,,,,,,,,,,,,,,,,,,,,
Mycelium,,FALSE,,,,,,,,,,,,,,,,,,,,,,,,
Name Tag,,FALSE,,,,,,,,,,,,,,,,,,,,,,,,
Nautilus Shell,,FALSE,,,,,,,,,,,,,,,,,,,,,,,,
Nether Brick,,FALSE,,,,,,,,,,,,,,,,,,,,,,,,
Nether Brick Fence,,FALSE,,,,,,,,,,,,,,,,,,,,,,,,
Nether Brick Slab,,FALSE,,,,,,,,,,,,,,,,,,,,,,,,
Nether Brick Stairs,,FALSE,,,,,,,,,,,,,,,,,,,,,,,,
Nether Brick Wall,,FALSE,,,,,,,,,,,,,,,,,,,,,,,,
Nether Bricks,,FALSE,,,,,,,,,,,,,,,,,,,,,,,,
Nether Gold Ore,,FALSE,,,,,,,,,,,,,,,,,,,,,,,,
Nether Quartz,,FALSE,,,,,,,,,,,,,,,,,,,,,,,,
Nether Quartz Ore,,FALSE,,,,,,,,,,,,,,,,,,,,,,,,
Nether Sprouts,,FALSE,,,,,,,,,,,,,,,,,,,,,,,,
Nether Star,,FALSE,,,,,,,,,,,,,,,,,,,,,,,,
Nether Wart,,FALSE,,,,,,,,,,,,,,,,,,,,,,,,
Nether Wart Block,,FALSE,,,,,,,,,,,,,,,,,,,,,,,,
Netherite Axe,,FALSE,,,,,,,,,,,,,,,,,,,,,,,,
Netherite Boots,,FALSE,,,,,,,,,,,,,,,,,,,,,,,,
Netherite Chestplate,,FALSE,,,,,,,,,,,,,,,,,,,,,,,,
Netherite Helmet,,FALSE,,,,,,,,,,,,,,,,,,,,,,,,
Netherite Hoe,,FALSE,,,,,,,,,,,,,,,,,,,,,,,,
Netherite Horse Armor,,FALSE,,,,,,,,,,,,,,,,,,,,,,,,
Netherite Ingot,,FALSE,,,,,,,,,,,,,,,,,,,,,,,,
Netherite Leggings,,FALSE,,,,,,,,,,,,,,,,,,,,,,,,
Netherite Nautilus Armor,,FALSE,,,,,,,,,,,,,,,,,,,,,,,,
Netherite Pickaxe,,FALSE,,,,,,,,,,,,,,,,,,,,,,,,
Netherite Scrap,,FALSE,,,,,,,,,,,,,,,,,,,,,,,,
Netherite Shovel,,FALSE,,,,,,,,,,,,,,,,,,,,,,,,
Netherite Spear,,FALSE,,,,,,,,,,,,,,,,,,,,,,,,
Netherite Sword,,FALSE,,,,,,,,,,,,,,,,,,,,,,,,
Netherrack,,FALSE,,,,,,,,,,,,,,,,,,,,,,,,
Note Block,,FALSE,,,,,,,,,,,,,,,,,,,,,,,,
Oak Boat,,FALSE,,,,,,,,,,,,,,,,,,,,,,,,
Oak Boat with Chest,,FALSE,,,,,,,,,,,,,,,,,,,,,,,,
Oak Button,,FALSE,,,,,,,,,,,,,,,,,,,,,,,,
Oak Door,,FALSE,,,,,,,,,,,,,,,,,,,,,,,,
Oak Fence,,FALSE,,,,,,,,,,,,,,,,,,,,,,,,
Oak Fence Gate,,FALSE,,,,,,,,,,,,,,,,,,,,,,,,
Oak Hanging Sign,,FALSE,,,,,,,,,,,,,,,,,,,,,,,,
Oak Leaves,,FALSE,,,,,,,,,,,,,,,,,,,,,,,,
Oak Log,,FALSE,,,,,,,,,,,,,,,,,,,,,,,,
Oak Planks,,FALSE,,,,,,,,,,,,,,,,,,,,,,,,
Oak Pressure Plate,,FALSE,,,,,,,,,,,,,,,,,,,,,,,,
Oak Sapling,,FALSE,,,,,,,,,,,,,,,,,,,,,,,,
Oak Shelf,,FALSE,,,,,,,,,,,,,,,,,,,,,,,,
Oak Sign,,FALSE,,,,,,,,,,,,,,,,,,,,,,,,
Oak Slab,,FALSE,,,,,,,,,,,,,,,,,,,,,,,,
Oak Stairs,,FALSE,,,,,,,,,,,,,,,,,,,,,,,,
Oak Trapdoor,,FALSE,,,,,,,,,,,,,,,,,,,,,,,,
Oak Wood,,FALSE,,,,,,,,,,,,,,,,,,,,,,,,
Observer,,FALSE,,,,,,,,,,,,,,,,,,,,,,,,
Obsidian,,FALSE,,,,,,,,,,,,,,,,,,,,,,,,
Ocean Explorer Map,,FALSE,,,,,,,,,,,,,,,,,,,,,,,,
Ochre Froglight,,FALSE,,,,,,,,,,,,,,,,,,,,,,,,
Ominous Banner,,FALSE,,,,,,,,,,,,,,,,,,,,,,,,
Ominous Trial Key,,FALSE,,,,,,,,,,,,,,,,,,,,,,,,
Open Eyeblossom,,FALSE,,,,,,,,,,,,,,,,,,,,,,,,
Orange Banner,,FALSE,,,,,,,,,,,,,,,,,,,,,,,,
Orange Bed,,FALSE,,,,,,,,,,,,,,,,,,,,,,,,
Orange Bundle,,FALSE,,,,,,,,,,,,,,,,,,,,,,,,
Orange Candle,,FALSE,,,,,,,,,,,,,,,,,,,,,,,,
Orange Carpet,,FALSE,,,,,,,,,,,,,,,,,,,,,,,,
Orange Concrete,,FALSE,,,,,,,,,,,,,,,,,,,,,,,,
Orange Concrete Powder,,FALSE,,,,,,,,,,,,,,,,,,,,,,,,
Orange Dye,,FALSE,,,,,,,,,,,,,,,,,,,,,,,,
Orange Glazed Terracotta,,FALSE,,,,,,,,,,,,,,,,,,,,,,,,
Orange Harness,,FALSE,,,,,,,,,,,,,,,,,,,,,,,,
Orange Shulker Box,,FALSE,,,,,,,,,,,,,,,,,,,,,,,,
Orange Stained Glass,,FALSE,,,,,,,,,,,,,,,,,,,,,,,,
Orange Stained Glass Pane,,FALSE,,,,,,,,,,,,,,,,,,,,,,,,
Orange Terracotta,,FALSE,,,,,,,,,,,,,,,,,,,,,,,,
Orange Tulip,,FALSE,,,,,,,,,,,,,,,,,,,,,,,,
Orange Wool,,FALSE,,,,,,,,,,,,,,,,,,,,,,,,
Oxeye Daisy,,FALSE,,,,,,,,,,,,,,,,,,,,,,,,
Oxidized Chiseled Copper,,FALSE,,,,,,,,,,,,,,,,,,,,,,,,
Oxidized Copper,,FALSE,,,,,,,,,,,,,,,,,,,,,,,,
Oxidized Copper Bars,,FALSE,,,,,,,,,,,,,,,,,,,,,,,,
Oxidized Copper Bulb,,FALSE,,,,,,,,,,,,,,,,,,,,,,,,
Oxidized Copper Chain,,FALSE,,,,,,,,,,,,,,,,,,,,,,,,
Oxidized Copper Chest,,FALSE,,,,,,,,,,,,,,,,,,,,,,,,
Oxidized Copper Door,,FALSE,,,,,,,,,,,,,,,,,,,,,,,,
Oxidized Copper Golem Statue,,FALSE,,,,,,,,,,,,,,,,,,,,,,,,
Oxidized Copper Grate,,FALSE,,,,,,,,,,,,,,,,,,,,,,,,
Oxidized Copper Lantern,,FALSE,,,,,,,,,,,,,,,,,,,,,,,,
Oxidized Copper Trapdoor,,FALSE,,,,,,,,,,,,,,,,,,,,,,,,
Oxidized Cut Copper,,FALSE,,,,,,,,,,,,,,,,,,,,,,,,
Oxidized Cut Copper Slab,,FALSE,,,,,,,,,,,,,,,,,,,,,,,,
Oxidized Cut Copper Stairs,,FALSE,,,,,,,,,,,,,,,,,,,,,,,,
Oxidized Lightning Rod,,FALSE,,,,,,,,,,,,,,,,,,,,,,,,
Packed Ice,,FALSE,,,,,,,,,,,,,,,,,,,,,,,,
Packed Mud,,FALSE,,,,,,,,,,,,,,,,,,,,,,,,
Painting,,FALSE,,,,,,,,,,,,,,,,,,,,,,,,
Pale Hanging Moss,,FALSE,,,,,,,,,,,,,,,,,,,,,,,,
Pale Moss Block,,FALSE,,,,,,,,,,,,,,,,,,,,,,,,
Pale Moss Carpet,,FALSE,,,,,,,,,,,,,,,,,,,,,,,,
Pale Oak Boat,,FALSE,,,,,,,,,,,,,,,,,,,,,,,,
Pale Oak Boat with Chest,,FALSE,,,,,,,,,,,,,,,,,,,,,,,,
Pale Oak Button,,FALSE,,,,,,,,,,,,,,,,,,,,,,,,
Pale Oak Door,,FALSE,,,,,,,,,,,,,,,,,,,,,,,,
Pale Oak Fence,,FALSE,,,,,,,,,,,,,,,,,,,,,,,,
Pale Oak Fence Gate,,FALSE,,,,,,,,,,,,,,,,,,,,,,,,
Pale Oak Hanging Sign,,FALSE,,,,,,,,,,,,,,,,,,,,,,,,
Pale Oak Leaves,,FALSE,,,,,,,,,,,,,,,,,,,,,,,,
Pale Oak Log,,FALSE,,,,,,,,,,,,,,,,,,,,,,,,
Pale Oak Planks,,FALSE,,,,,,,,,,,,,,,,,,,,,,,,
Pale Oak Pressure Plate,,FALSE,,,,,,,,,,,,,,,,,,,,,,,,
Pale Oak Sapling,,FALSE,,,,,,,,,,,,,,,,,,,,,,,,
Pale Oak Shelf,,FALSE,,,,,,,,,,,,,,,,,,,,,,,,
Pale Oak Sign,,FALSE,,,,,,,,,,,,,,,,,,,,,,,,
Pale Oak Slab,,FALSE,,,,,,,,,,,,,,,,,,,,,,,,
Pale Oak Stairs,,FALSE,,,,,,,,,,,,,,,,,,,,,,,,
Pale Oak Trapdoor,,FALSE,,,,,,,,,,,,,,,,,,,,,,,,
Pale Oak Wood,,FALSE,,,,,,,,,,,,,,,,,,,,,,,,
Paper,,FALSE,,,,,,,,,,,,,,,,,,,,,,,,
Pearlescent Froglight,,FALSE,,,,,,,,,,,,,,,,,,,,,,,,
Peony,,FALSE,,,,,,,,,,,,,,,,,,,,,,,,
Petrified Oak Slab,,FALSE,,,,,,,,,,,,,,,,,,,,,,,,
Phantom Membrane,,FALSE,,,,,,,,,,,,,,,,,,,,,,,,
Piglin Head,,FALSE,,,,,,,,,,,,,,,,,,,,,,,,
Pink Banner,,FALSE,,,,,,,,,,,,,,,,,,,,,,,,
Pink Bed,,FALSE,,,,,,,,,,,,,,,,,,,,,,,,
Pink Bundle,,FALSE,,,,,,,,,,,,,,,,,,,,,,,,
Pink Candle,,FALSE,,,,,,,,,,,,,,,,,,,,,,,,
Pink Carpet,,FALSE,,,,,,,,,,,,,,,,,,,,,,,,
Pink Concrete,,FALSE,,,,,,,,,,,,,,,,,,,,,,,,
Pink Concrete Powder,,FALSE,,,,,,,,,,,,,,,,,,,,,,,,
Pink Dye,,FALSE,,,,,,,,,,,,,,,,,,,,,,,,
Pink Glazed Terracotta,,FALSE,,,,,,,,,,,,,,,,,,,,,,,,
Pink Harness,,FALSE,,,,,,,,,,,,,,,,,,,,,,,,
Pink Petals,,FALSE,,,,,,,,,,,,,,,,,,,,,,,,
Pink Shulker Box,,FALSE,,,,,,,,,,,,,,,,,,,,,,,,
Pink Stained Glass,,FALSE,,,,,,,,,,,,,,,,,,,,,,,,
Pink Stained Glass Pane,,FALSE,,,,,,,,,,,,,,,,,,,,,,,,
Pink Terracotta,,FALSE,,,,,,,,,,,,,,,,,,,,,,,,
Pink Tulip,,FALSE,,,,,,,,,,,,,,,,,,,,,,,,
Pink Wool,,FALSE,,,,,,,,,,,,,,,,,,,,,,,,
Piston,,FALSE,,,,,,,,,,,,,,,,,,,,,,,,
Pitcher Plant,,FALSE,,,,,,,,,,,,,,,,,,,,,,,,
Pitcher Pod,,FALSE,,,,,,,,,,,,,,,,,,,,,,,,
Plains Village Map,,FALSE,,,,,,,,,,,,,,,,,,,,,,,,
Podzol,,FALSE,,,,,,,,,,,,,,,,,,,,,,,,
Pointed Dripstone,,FALSE,,,,,,,,,,,,,,,,,,,,,,,,
Poisonous Potato,,FALSE,,,,,,,,,,,,,,,,,,,,,,,,
Polished Andesite,,FALSE,,,,,,,,,,,,,,,,,,,,,,,,
Polished Andesite Slab,,FALSE,,,,,,,,,,,,,,,,,,,,,,,,
Polished Andesite Stairs,,FALSE,,,,,,,,,,,,,,,,,,,,,,,,
Polished Basalt,,FALSE,,,,,,,,,,,,,,,,,,,,,,,,
Polished Blackstone,,FALSE,,,,,,,,,,,,,,,,,,,,,,,,
Polished Blackstone Brick Slab,,FALSE,,,,,,,,,,,,,,,,,,,,,,,,
Polished Blackstone Brick Stairs,,FALSE,,,,,,,,,,,,,,,,,,,,,,,,
Polished Blackstone Brick Wall,,FALSE,,,,,,,,,,,,,,,,,,,,,,,,
Polished Blackstone Bricks,,FALSE,,,,,,,,,,,,,,,,,,,,,,,,
Polished Blackstone Button,,FALSE,,,,,,,,,,,,,,,,,,,,,,,,
Polished Blackstone Pressure Plate,,FALSE,,,,,,,,,,,,,,,,,,,,,,,,
Polished Blackstone Slab,,FALSE,,,,,,,,,,,,,,,,,,,,,,,,
Polished Blackstone Stairs,,FALSE,,,,,,,,,,,,,,,,,,,,,,,,
Polished Blackstone Wall,,FALSE,,,,,,,,,,,,,,,,,,,,,,,,
Polished Deepslate,,FALSE,,,,,,,,,,,,,,,,,,,,,,,,
Polished Deepslate Slab,,FALSE,,,,,,,,,,,,,,,,,,,,,,,,
Polished Deepslate Stairs,,FALSE,,,,,,,,,,,,,,,,,,,,,,,,
Polished Deepslate Wall,,FALSE,,,,,,,,,,,,,,,,,,,,,,,,
Polished Diorite,,FALSE,,,,,,,,,,,,,,,,,,,,,,,,
Polished Diorite Slab,,FALSE,,,,,,,,,,,,,,,,,,,,,,,,
Polished Diorite Stairs,,FALSE,,,,,,,,,,,,,,,,,,,,,,,,
Polished Granite,,FALSE,,,,,,,,,,,,,,,,,,,,,,,,
Polished Granite Slab,,FALSE,,,,,,,,,,,,,,,,,,,,,,,,
Polished Granite Stairs,,FALSE,,,,,,,,,,,,,,,,,,,,,,,,
Polished Tuff,,FALSE,,,,,,,,,,,,,,,,,,,,,,,,
Polished Tuff Slab,,FALSE,,,,,,,,,,,,,,,,,,,,,,,,
Polished Tuff Stairs,,FALSE,,,,,,,,,,,,,,,,,,,,,,,,
Polished Tuff Wall,,FALSE,,,,,,,,,,,,,,,,,,,,,,,,
Popped Chorus Fruit,,FALSE,,,,,,,,,,,,,,,,,,,,,,,,
Poppy,,FALSE,,,,,,,,,,,,,,,,,,,,,,,,
Potato,,FALSE,,,,,,,,,,,,,,,,,,,,,,,,
Powder Snow Bucket,,FALSE,,,,,,,,,,,,,,,,,,,,,,,,
Powered Rail,,FALSE,,,,,,,,,,,,,,,,,,,,,,,,
Prismarine,,FALSE,,,,,,,,,,,,,,,,,,,,,,,,
Prismarine Brick Slab,,FALSE,,,,,,,,,,,,,,,,,,,,,,,,
Prismarine Brick Stairs,,FALSE,,,,,,,,,,,,,,,,,,,,,,,,
Prismarine Bricks,,FALSE,,,,,,,,,,,,,,,,,,,,,,,,
Prismarine Crystals,,FALSE,,,,,,,,,,,,,,,,,,,,,,,,
Prismarine Shard,,FALSE,,,,,,,,,,,,,,,,,,,,,,,,
Prismarine Slab,,FALSE,,,,,,,,,,,,,,,,,,,,,,,,
Prismarine Stairs,,FALSE,,,,,,,,,,,,,,,,,,,,,,,,
Prismarine Wall,,FALSE,,,,,,,,,,,,,,,,,,,,,,,,
Pufferfish,,FALSE,,,,,,,,,,,,,,,,,,,,,,,,
Pumpkin,,FALSE,,,,,,,,,,,,,,,,,,,,,,,,
Pumpkin Pie,,FALSE,,,,,,,,,,,,,,,,,,,,,,,,
Pumpkin Seeds,,FALSE,,,,,,,,,,,,,,,,,,,,,,,,
Purple Banner,,FALSE,,,,,,,,,,,,,,,,,,,,,,,,
Purple Bed,,FALSE,,,,,,,,,,,,,,,,,,,,,,,,
Purple Bundle,,FALSE,,,,,,,,,,,,,,,,,,,,,,,,
Purple Candle,,FALSE,,,,,,,,,,,,,,,,,,,,,,,,
Purple Carpet,,FALSE,,,,,,,,,,,,,,,,,,,,,,,,
Purple Concrete,,FALSE,,,,,,,,,,,,,,,,,,,,,,,,
Purple Concrete Powder,,FALSE,,,,,,,,,,,,,,,,,,,,,,,,
Purple Dye,,FALSE,,,,,,,,,,,,,,,,,,,,,,,,
Purple Glazed Terracotta,,FALSE,,,,,,,,,,,,,,,,,,,,,,,,
Purple Harness,,FALSE,,,,,,,,,,,,,,,,,,,,,,,,
Purple Shulker Box,,FALSE,,,,,,,,,,,,,,,,,,,,,,,,
Purple Stained Glass,,FALSE,,,,,,,,,,,,,,,,,,,,,,,,
Purple Stained Glass Pane,,FALSE,,,,,,,,,,,,,,,,,,,,,,,,
Purple Terracotta,,FALSE,,,,,,,,,,,,,,,,,,,,,,,,
Purple Wool,,FALSE,,,,,,,,,,,,,,,,,,,,,,,,
Purpur Block,,FALSE,,,,,,,,,,,,,,,,,,,,,,,,
Purpur Pillar,,FALSE,,,,,,,,,,,,,,,,,,,,,,,,
Purpur Slab,,FALSE,,,,,,,,,,,,,,,,,,,,,,,,
Purpur Stairs,,FALSE,,,,,,,,,,,,,,,,,,,,,,,,
Quartz Bricks,,FALSE,,,,,,,,,,,,,,,,,,,,,,,,
Quartz Pillar,,FALSE,,,,,,,,,,,,,,,,,,,,,,,,
Quartz Slab,,FALSE,,,,,,,,,,,,,,,,,,,,,,,,
Quartz Stairs,,FALSE,,,,,,,,,,,,,,,,,,,,,,,,
Rabbit Hide,,FALSE,,,,,,,,,,,,,,,,,,,,,,,,
Rabbit Stew,,FALSE,,,,,,,,,,,,,,,,,,,,,,,,
Rabbit's Foot,,FALSE,,,,,,,,,,,,,,,,,,,,,,,,
Rail,,FALSE,,,,,,,,,,,,,,,,,,,,,,,,
Raw Beef,,FALSE,,,,,,,,,,,,,,,,,,,,,,,,
Raw Chicken,,FALSE,,,,,,,,,,,,,,,,,,,,,,,,
Raw Cod,,FALSE,,,,,,,,,,,,,,,,,,,,,,,,
Raw Copper,,FALSE,,,,,,,,,,,,,,,,,,,,,,,,
Raw Gold,,FALSE,,,,,,,,,,,,,,,,,,,,,,,,
Raw Iron,,FALSE,,,,,,,,,,,,,,,,,,,,,,,,
Raw Mutton,,FALSE,,,,,,,,,,,,,,,,,,,,,,,,
Raw Porkchop,,FALSE,,,,,,,,,,,,,,,,,,,,,,,,
Raw Rabbit,,FALSE,,,,,,,,,,,,,,,,,,,,,,,,
Raw Salmon,,FALSE,,,,,,,,,,,,,,,,,,,,,,,,
Recovery Compass,,FALSE,,,,,,,,,,,,,,,,,,,,,,,,
Red Banner,,FALSE,,,,,,,,,,,,,,,,,,,,,,,,
Red Bed,,FALSE,,,,,,,,,,,,,,,,,,,,,,,,
Red Bundle,,FALSE,,,,,,,,,,,,,,,,,,,,,,,,
Red Candle,,FALSE,,,,,,,,,,,,,,,,,,,,,,,,
Red Carpet,,FALSE,,,,,,,,,,,,,,,,,,,,,,,,
Red Concrete,,FALSE,,,,,,,,,,,,,,,,,,,,,,,,
Red Concrete Powder,,FALSE,,,,,,,,,,,,,,,,,,,,,,,,
Red Dye,,FALSE,,,,,,,,,,,,,,,,,,,,,,,,
Red Glazed Terracotta,,FALSE,,,,,,,,,,,,,,,,,,,,,,,,
Red Harness,,FALSE,,,,,,,,,,,,,,,,,,,,,,,,
Red Mushroom,,FALSE,,,,,,,,,,,,,,,,,,,,,,,,
Red Mushroom Block,,FALSE,,,,,,,,,,,,,,,,,,,,,,,,
Red Nether Brick Slab,,FALSE,,,,,,,,,,,,,,,,,,,,,,,,
Red Nether Brick Stairs,,FALSE,,,,,,,,,,,,,,,,,,,,,,,,
Red Nether Brick Wall,,FALSE,,,,,,,,,,,,,,,,,,,,,,,,
Red Nether Bricks,,FALSE,,,,,,,,,,,,,,,,,,,,,,,,
Red Sand,,FALSE,,,,,,,,,,,,,,,,,,,,,,,,
Red Sandstone,,FALSE,,,,,,,,,,,,,,,,,,,,,,,,
Red Sandstone Slab,,FALSE,,,,,,,,,,,,,,,,,,,,,,,,
Red Sandstone Stairs,,FALSE,,,,,,,,,,,,,,,,,,,,,,,,
Red Sandstone Wall,,FALSE,,,,,,,,,,,,,,,,,,,,,,,,
Red Shulker Box,,FALSE,,,,,,,,,,,,,,,,,,,,,,,,
Red Stained Glass,,FALSE,,,,,,,,,,,,,,,,,,,,,,,,
Red Stained Glass Pane,,FALSE,,,,,,,,,,,,,,,,,,,,,,,,
Red Terracotta,,FALSE,,,,,,,,,,,,,,,,,,,,,,,,
Red Tulip,,FALSE,,,,,,,,,,,,,,,,,,,,,,,,
Red Wool,,FALSE,,,,,,,,,,,,,,,,,,,,,,,,
Redstone Comparator,,FALSE,,,,,,,,,,,,,,,,,,,,,,,,
Redstone Dust,,FALSE,,,,,,,,,,,,,,,,,,,,,,,,
Redstone Lamp,,FALSE,,,,,,,,,,,,,,,,,,,,,,,,
Redstone Ore,,FALSE,,,,,,,,,,,,,,,,,,,,,,,,
Redstone Repeater,,FALSE,,,,,,,,,,,,,,,,,,,,,,,,
Redstone Torch,,FALSE,,,,,,,,,,,,,,,,,,,,,,,,
Resin Brick,,FALSE,,,,,,,,,,,,,,,,,,,,,,,,
Resin Brick Slab,,FALSE,,,,,,,,,,,,,,,,,,,,,,,,
Resin Brick Stairs,,FALSE,,,,,,,,,,,,,,,,,,,,,,,,
Resin Brick Wall,,FALSE,,,,,,,,,,,,,,,,,,,,,,,,
Resin Bricks,,FALSE,,,,,,,,,,,,,,,,,,,,,,,,
Resin Clump,,FALSE,,,,,,,,,,,,,,,,,,,,,,,,
Respawn Anchor,,FALSE,,,,,,,,,,,,,,,,,,,,,,,,
Rooted Dirt,,FALSE,,,,,,,,,,,,,,,,,,,,,,,,
Rose Bush,,FALSE,,,,,,,,,,,,,,,,,,,,,,,,
Rotten Flesh,,FALSE,,,,,,,,,,,,,,,,,,,,,,,,
Saddle,,FALSE,,,,,,,,,,,,,,,,,,,,,,,,
Sand,,FALSE,,,,,,,,,,,,,,,,,,,,,,,,
Sandstone,,FALSE,,,,,,,,,,,,,,,,,,,,,,,,
Sandstone Slab,,FALSE,,,,,,,,,,,,,,,,,,,,,,,,
Sandstone Stairs,,FALSE,,,,,,,,,,,,,,,,,,,,,,,,
Sandstone Wall,,FALSE,,,,,,,,,,,,,,,,,,,,,,,,
Savanna Village Map,,FALSE,,,,,,,,,,,,,,,,,,,,,,,,
Scaffolding,,FALSE,,,,,,,,,,,,,,,,,,,,,,,,
Sculk,,FALSE,,,,,,,,,,,,,,,,,,,,,,,,
Sculk Catalyst,,FALSE,,,,,,,,,,,,,,,,,,,,,,,,
Sculk Sensor,,FALSE,,,,,,,,,,,,,,,,,,,,,,,,
Sculk Shrieker,,FALSE,,,,,,,,,,,,,,,,,,,,,,,,
Sculk Vein,,FALSE,,,,,,,,,,,,,,,,,,,,,,,,
Sea Lantern,,FALSE,,,,,,,,,,,,,,,,,,,,,,,,
Sea Pickle,,FALSE,,,,,,,,,,,,,,,,,,,,,,,,
Seagrass,,FALSE,,,,,,,,,,,,,,,,,,,,,,,,
Shears,,FALSE,,,,,,,,,,,,,,,,,,,,,,,,
Shield,,FALSE,,,,,,,,,,,,,,,,,,,,,,,,
Short Dry Grass,,FALSE,,,,,,,,,,,,,,,,,,,,,,,,
Short Grass (Grass),,FALSE,,,,,,,,,,,,,,,,,,,,,,,,
Shroomlight,,FALSE,,,,,,,,,,,,,,,,,,,,,,,,
Shulker Box,,FALSE,,,,,,,,,,,,,,,,,,,,,,,,
Shulker Shell,,FALSE,,,,,,,,,,,,,,,,,,,,,,,,
Skeleton Skull,,FALSE,,,,,,,,,,,,,,,,,,,,,,,,
Slime Block,,FALSE,,,,,,,,,,,,,,,,,,,,,,,,
Slimeball,,FALSE,,,,,,,,,,,,,,,,,,,,,,,,
Small Amethyst Bud,,FALSE,,,,,,,,,,,,,,,,,,,,,,,,
Small Dripleaf,,FALSE,,,,,,,,,,,,,,,,,,,,,,,,
Smithing Table,,FALSE,,,,,,,,,,,,,,,,,,,,,,,,
Smoker,,FALSE,,,,,,,,,,,,,,,,,,,,,,,,
Smooth Basalt,,FALSE,,,,,,,,,,,,,,,,,,,,,,,,
Smooth Quartz Block,,FALSE,,,,,,,,,,,,,,,,,,,,,,,,
Smooth Quartz Slab,,FALSE,,,,,,,,,,,,,,,,,,,,,,,,
Smooth Quartz Stairs,,FALSE,,,,,,,,,,,,,,,,,,,,,,,,
Smooth Red Sandstone,,FALSE,,,,,,,,,,,,,,,,,,,,,,,,
Smooth Red Sandstone Slab,,FALSE,,,,,,,,,,,,,,,,,,,,,,,,
Smooth Red Sandstone Stairs,,FALSE,,,,,,,,,,,,,,,,,,,,,,,,
Smooth Sandstone,,FALSE,,,,,,,,,,,,,,,,,,,,,,,,
Smooth Sandstone Slab,,FALSE,,,,,,,,,,,,,,,,,,,,,,,,
Smooth Sandstone Stairs,,FALSE,,,,,,,,,,,,,,,,,,,,,,,,
Smooth Stone,,FALSE,,,,,,,,,,,,,,,,,,,,,,,,
Smooth Stone Slab,,FALSE,,,,,,,,,,,,,,,,,,,,,,,,
Sniffer Egg,,FALSE,,,,,,,,,,,,,,,,,,,,,,,,
Snow,,FALSE,,,,,,,,,,,,,,,,,,,,,,,,
Snow Block,,FALSE,,,,,,,,,,,,,,,,,,,,,,,,
Snowball,,FALSE,,,,,,,,,,,,,,,,,,,,,,,,
Snowy Village Map,,FALSE,,,,,,,,,,,,,,,,,,,,,,,,
Soul Campfire,,FALSE,,,,,,,,,,,,,,,,,,,,,,,,
Soul Lantern,,FALSE,,,,,,,,,,,,,,,,,,,,,,,,
Soul Sand,,FALSE,,,,,,,,,,,,,,,,,,,,,,,,
Soul Soil,,FALSE,,,,,,,,,,,,,,,,,,,,,,,,
Soul Torch,,FALSE,,,,,,,,,,,,,,,,,,,,,,,,
Spectral Arrow‌ [JE],,FALSE,,,,,,,,,,,,,,,,,,,,,,,,
Spider Eye,,FALSE,,,,,,,,,,,,,,,,,,,,,,,,
Sponge,,FALSE,,,,,,,,,,,,,,,,,,,,,,,,
Spore Blossom,,FALSE,,,,,,,,,,,,,,,,,,,,,,,,
Spruce Boat,,FALSE,,,,,,,,,,,,,,,,,,,,,,,,
Spruce Boat with Chest,,FALSE,,,,,,,,,,,,,,,,,,,,,,,,
Spruce Button,,FALSE,,,,,,,,,,,,,,,,,,,,,,,,
Spruce Door,,FALSE,,,,,,,,,,,,,,,,,,,,,,,,
Spruce Fence,,FALSE,,,,,,,,,,,,,,,,,,,,,,,,
Spruce Fence Gate,,FALSE,,,,,,,,,,,,,,,,,,,,,,,,
Spruce Hanging Sign,,FALSE,,,,,,,,,,,,,,,,,,,,,,,,
Spruce Leaves,,FALSE,,,,,,,,,,,,,,,,,,,,,,,,
Spruce Log,,FALSE,,,,,,,,,,,,,,,,,,,,,,,,
Spruce Planks,,FALSE,,,,,,,,,,,,,,,,,,,,,,,,
Spruce Pressure Plate,,FALSE,,,,,,,,,,,,,,,,,,,,,,,,
Spruce Sapling,,FALSE,,,,,,,,,,,,,,,,,,,,,,,,
Spruce Shelf,,FALSE,,,,,,,,,,,,,,,,,,,,,,,,
Spruce Sign,,FALSE,,,,,,,,,,,,,,,,,,,,,,,,
Spruce Slab,,FALSE,,,,,,,,,,,,,,,,,,,,,,,,
Spruce Stairs,,FALSE,,,,,,,,,,,,,,,,,,,,,,,,
Spruce Trapdoor,,FALSE,,,,,,,,,,,,,,,,,,,,,,,,
Spruce Wood,,FALSE,,,,,,,,,,,,,,,,,,,,,,,,
Spyglass,,FALSE,,,,,,,,,,,,,,,,,,,,,,,,
Steak,,FALSE,,,,,,,,,,,,,,,,,,,,,,,,
Stick,,FALSE,,,,,,,,,,,,,,,,,,,,,,,,
Sticky Piston,,FALSE,,,,,,,,,,,,,,,,,,,,,,,,
Stone,,FALSE,,,,,,,,,,,,,,,,,,,,,,,,
Stone Axe,,FALSE,,,,,,,,,,,,,,,,,,,,,,,,
Stone Brick Slab,,FALSE,,,,,,,,,,,,,,,,,,,,,,,,
Stone Brick Stairs,,FALSE,,,,,,,,,,,,,,,,,,,,,,,,
Stone Brick Wall,,FALSE,,,,,,,,,,,,,,,,,,,,,,,,
Stone Bricks,,FALSE,,,,,,,,,,,,,,,,,,,,,,,,
Stone Button,,FALSE,,,,,,,,,,,,,,,,,,,,,,,,
Stone Hoe,,FALSE,,,,,,,,,,,,,,,,,,,,,,,,
Stone Pickaxe,,FALSE,,,,,,,,,,,,,,,,,,,,,,,,
Stone Pressure Plate,,FALSE,,,,,,,,,,,,,,,,,,,,,,,,
Stone Shovel,,FALSE,,,,,,,,,,,,,,,,,,,,,,,,
Stone Slab,,FALSE,,,,,,,,,,,,,,,,,,,,,,,,
Stone Spear,,FALSE,,,,,,,,,,,,,,,,,,,,,,,,
Stone Stairs,,FALSE,,,,,,,,,,,,,,,,,,,,,,,,
Stone Sword,,FALSE,,,,,,,,,,,,,,,,,,,,,,,,
Stonecutter,,FALSE,,,,,,,,,,,,,,,,,,,,,,,,
String,,FALSE,,,,,,,,,,,,,,,,,,,,,,,,
Stripped Acacia Log,,FALSE,,,,,,,,,,,,,,,,,,,,,,,,
Stripped Acacia Wood,,FALSE,,,,,,,,,,,,,,,,,,,,,,,,
Stripped Birch Log,,FALSE,,,,,,,,,,,,,,,,,,,,,,,,
Stripped Birch Wood,,FALSE,,,,,,,,,,,,,,,,,,,,,,,,
Stripped Cherry Log,,FALSE,,,,,,,,,,,,,,,,,,,,,,,,
Stripped Cherry Wood,,FALSE,,,,,,,,,,,,,,,,,,,,,,,,
Stripped Crimson Hyphae,,FALSE,,,,,,,,,,,,,,,,,,,,,,,,
Stripped Crimson Stem,,FALSE,,,,,,,,,,,,,,,,,,,,,,,,
Stripped Dark Oak Log,,FALSE,,,,,,,,,,,,,,,,,,,,,,,,
Stripped Dark Oak Wood,,FALSE,,,,,,,,,,,,,,,,,,,,,,,,
Stripped Jungle Log,,FALSE,,,,,,,,,,,,,,,,,,,,,,,,
Stripped Jungle Wood,,FALSE,,,,,,,,,,,,,,,,,,,,,,,,
Stripped Mangrove Log,,FALSE,,,,,,,,,,,,,,,,,,,,,,,,
Stripped Mangrove Wood,,FALSE,,,,,,,,,,,,,,,,,,,,,,,,
Stripped Oak Log,,FALSE,,,,,,,,,,,,,,,,,,,,,,,,
Stripped Oak Wood,,FALSE,,,,,,,,,,,,,,,,,,,,,,,,
Stripped Pale Oak Log,,FALSE,,,,,,,,,,,,,,,,,,,,,,,,
Stripped Pale Oak Wood,,FALSE,,,,,,,,,,,,,,,,,,,,,,,,
Stripped Spruce Log,,FALSE,,,,,,,,,,,,,,,,,,,,,,,,
Stripped Spruce Wood,,FALSE,,,,,,,,,,,,,,,,,,,,,,,,
Stripped Warped Hyphae,,FALSE,,,,,,,,,,,,,,,,,,,,,,,,
Stripped Warped Stem,,FALSE,,,,,,,,,,,,,,,,,,,,,,,,
Sugar,,FALSE,,,,,,,,,,,,,,,,,,,,,,,,
Sugar Cane,,FALSE,,,,,,,,,,,,,,,,,,,,,,,,
Sunflower,,FALSE,,,,,,,,,,,,,,,,,,,,,,,,
Suspicious Stew,,FALSE,,,,,,,,,,,,,,,,,,,,,,,,
Swamp Explorer Map,,FALSE,,,,,,,,,,,,,,,,,,,,,,,,
Sweet Berries,,FALSE,,,,,,,,,,,,,,,,,,,,,,,,
Taiga Village Map,,FALSE,,,,,,,,,,,,,,,,,,,,,,,,
Tall Dry Grass,,FALSE,,,,,,,,,,,,,,,,,,,,,,,,
Tall Grass,,FALSE,,,,,,,,,,,,,,,,,,,,,,,,
Target,,FALSE,,,,,,,,,,,,,,,,,,,,,,,,
Terracotta,,FALSE,,,,,,,,,,,,,,,,,,,,,,,,
Tinted Glass,,FALSE,,,,,,,,,,,,,,,,,,,,,,,,
Tipped Arrow (Awkward),,FALSE,,,,,,,,,,,,,,,,,,,,,,,,
Tipped Arrow (Mundane),,FALSE,,,,,,,,,,,,,,,,,,,,,,,,
Tipped Arrow (Thick),,FALSE,,,,,,,,,,,,,,,,,,,,,,,,
TNT,,FALSE,,,,,,,,,,,,,,,,,,,,,,,,
Torch,,FALSE,,,,,,,,,,,,,,,,,,,,,,,,
Torchflower,,FALSE,,,,,,,,,,,,,,,,,,,,,,,,
Torchflower Seeds,,FALSE,,,,,,,,,,,,,,,,,,,,,,,,
Totem of Undying,,FALSE,,,,,,,,,,,,,,,,,,,,,,,,
Trapped Chest,,FALSE,,,,,,,,,,,,,,,,,,,,,,,,
Trial Explorer Map,,FALSE,,,,,,,,,,,,,,,,,,,,,,,,
Trial Key,,FALSE,,,,,,,,,,,,,,,,,,,,,,,,
Trident,,FALSE,,,,,,,,,,,,,,,,,,,,,,,,
Tripwire Hook,,FALSE,,,,,,,,,,,,,,,,,,,,,,,,
Tropical Fish,,FALSE,,,,,,,,,,,,,,,,,,,,,,,,
Tube Coral,,FALSE,,,,,,,,,,,,,,,,,,,,,,,,
Tube Coral Block,,FALSE,,,,,,,,,,,,,,,,,,,,,,,,
Tube Coral Fan,,FALSE,,,,,,,,,,,,,,,,,,,,,,,,
Tuff,,FALSE,,,,,,,,,,,,,,,,,,,,,,,,
Tuff Brick Slab,,FALSE,,,,,,,,,,,,,,,,,,,,,,,,
Tuff Brick Stairs,,FALSE,,,,,,,,,,,,,,,,,,,,,,,,
Tuff Brick Wall,,FALSE,,,,,,,,,,,,,,,,,,,,,,,,
Tuff Bricks,,FALSE,,,,,,,,,,,,,,,,,,,,,,,,
Tuff Slab,,FALSE,,,,,,,,,,,,,,,,,,,,,,,,
Tuff Stairs,,FALSE,,,,,,,,,,,,,,,,,,,,,,,,
Tuff Wall,,FALSE,,,,,,,,,,,,,,,,,,,,,,,,
Turtle Egg,,FALSE,,,,,,,,,,,,,,,,,,,,,,,,
Turtle Scute,,FALSE,,,,,,,,,,,,,,,,,,,,,,,,
Turtle Shell,,FALSE,,,,,,,,,,,,,,,,,,,,,,,,
Twisting Vines,,FALSE,,,,,,,,,,,,,,,,,,,,,,,,
Verdant Froglight,,FALSE,,,,,,,,,,,,,,,,,,,,,,,,
Vines,,FALSE,,,,,,,,,,,,,,,,,,,,,,,,
Warped Button,,FALSE,,,,,,,,,,,,,,,,,,,,,,,,
Warped Door,,FALSE,,,,,,,,,,,,,,,,,,,,,,,,
Warped Fence,,FALSE,,,,,,,,,,,,,,,,,,,,,,,,
Warped Fence Gate,,FALSE,,,,,,,,,,,,,,,,,,,,,,,,
Warped Fungus,,FALSE,,,,,,,,,,,,,,,,,,,,,,,,
Warped Fungus on a Stick,,FALSE,,,,,,,,,,,,,,,,,,,,,,,,
Warped Hanging Sign,,FALSE,,,,,,,,,,,,,,,,,,,,,,,,
Warped Hyphae,,FALSE,,,,,,,,,,,,,,,,,,,,,,,,
Warped Nylium,,FALSE,,,,,,,,,,,,,,,,,,,,,,,,
Warped Planks,,FALSE,,,,,,,,,,,,,,,,,,,,,,,,
Warped Pressure Plate,,FALSE,,,,,,,,,,,,,,,,,,,,,,,,
Warped Roots,,FALSE,,,,,,,,,,,,,,,,,,,,,,,,
Warped Shelf,,FALSE,,,,,,,,,,,,,,,,,,,,,,,,
Warped Sign,,FALSE,,,,,,,,,,,,,,,,,,,,,,,,
Warped Slab,,FALSE,,,,,,,,,,,,,,,,,,,,,,,,
Warped Stairs,,FALSE,,,,,,,,,,,,,,,,,,,,,,,,
Warped Stem,,FALSE,,,,,,,,,,,,,,,,,,,,,,,,
Warped Trapdoor,,FALSE,,,,,,,,,,,,,,,,,,,,,,,,
Warped Wart Block,,FALSE,,,,,,,,,,,,,,,,,,,,,,,,
Water Bucket,,FALSE,,,,,,,,,,,,,,,,,,,,,,,,
Waxed Block of Copper,,FALSE,,,,,,,,,,,,,,,,,,,,,,,,
Waxed Chiseled Copper,,FALSE,,,,,,,,,,,,,,,,,,,,,,,,
Waxed Copper Bars,,FALSE,,,,,,,,,,,,,,,,,,,,,,,,
Waxed Copper Bulb,,FALSE,,,,,,,,,,,,,,,,,,,,,,,,
Waxed Copper Chain,,FALSE,,,,,,,,,,,,,,,,,,,,,,,,
Waxed Copper Chest,,FALSE,,,,,,,,,,,,,,,,,,,,,,,,
Waxed Copper Door,,FALSE,,,,,,,,,,,,,,,,,,,,,,,,
Waxed Copper Golem Statue,,FALSE,,,,,,,,,,,,,,,,,,,,,,,,
Waxed Copper Grate,,FALSE,,,,,,,,,,,,,,,,,,,,,,,,
Waxed Copper Lantern,,FALSE,,,,,,,,,,,,,,,,,,,,,,,,
Waxed Copper Trapdoor,,FALSE,,,,,,,,,,,,,,,,,,,,,,,,
Waxed Cut Copper,,FALSE,,,,,,,,,,,,,,,,,,,,,,,,
Waxed Cut Copper Slab,,FALSE,,,,,,,,,,,,,,,,,,,,,,,,
Waxed Cut Copper Stairs,,FALSE,,,,,,,,,,,,,,,,,,,,,,,,
Waxed Exposed Chiseled Copper,,FALSE,,,,,,,,,,,,,,,,,,,,,,,,
Waxed Exposed Copper,,FALSE,,,,,,,,,,,,,,,,,,,,,,,,
Waxed Exposed Copper Bars,,FALSE,,,,,,,,,,,,,,,,,,,,,,,,
Waxed Exposed Copper Bulb,,FALSE,,,,,,,,,,,,,,,,,,,,,,,,
Waxed Exposed Copper Chain,,FALSE,,,,,,,,,,,,,,,,,,,,,,,,
Waxed Exposed Copper Chest,,FALSE,,,,,,,,,,,,,,,,,,,,,,,,
Waxed Exposed Copper Door,,FALSE,,,,,,,,,,,,,,,,,,,,,,,,
Waxed Exposed Copper Golem Statue,,FALSE,,,,,,,,,,,,,,,,,,,,,,,,
Waxed Exposed Copper Grate,,FALSE,,,,,,,,,,,,,,,,,,,,,,,,
Waxed Exposed Copper Lantern,,FALSE,,,,,,,,,,,,,,,,,,,,,,,,
Waxed Exposed Copper Trapdoor,,FALSE,,,,,,,,,,,,,,,,,,,,,,,,
Waxed Exposed Cut Copper,,FALSE,,,,,,,,,,,,,,,,,,,,,,,,
Waxed Exposed Cut Copper Slab,,FALSE,,,,,,,,,,,,,,,,,,,,,,,,
Waxed Exposed Cut Copper Stairs,,FALSE,,,,,,,,,,,,,,,,,,,,,,,,
Waxed Exposed Lightning Rod,,FALSE,,,,,,,,,,,,,,,,,,,,,,,,
Waxed Lightning Rod,,FALSE,,,,,,,,,,,,,,,,,,,,,,,,
Waxed Oxidized Chiseled Copper,,FALSE,,,,,,,,,,,,,,,,,,,,,,,,
Waxed Oxidized Copper,,FALSE,,,,,,,,,,,,,,,,,,,,,,,,
Waxed Oxidized Copper Bars,,FALSE,,,,,,,,,,,,,,,,,,,,,,,,
Waxed Oxidized Copper Bulb,,FALSE,,,,,,,,,,,,,,,,,,,,,,,,
Waxed Oxidized Copper Chain,,FALSE,,,,,,,,,,,,,,,,,,,,,,,,
Waxed Oxidized Copper Chest,,FALSE,,,,,,,,,,,,,,,,,,,,,,,,
Waxed Oxidized Copper Door,,FALSE,,,,,,,,,,,,,,,,,,,,,,,,
Waxed Oxidized Copper Golem Statue,,FALSE,,,,,,,,,,,,,,,,,,,,,,,,
Waxed Oxidized Copper Grate,,FALSE,,,,,,,,,,,,,,,,,,,,,,,,
Waxed Oxidized Copper Lantern,,FALSE,,,,,,,,,,,,,,,,,,,,,,,,
Waxed Oxidized Copper Trapdoor,,FALSE,,,,,,,,,,,,,,,,,,,,,,,,
Waxed Oxidized Cut Copper,,FALSE,,,,,,,,,,,,,,,,,,,,,,,,
Waxed Oxidized Cut Copper Slab,,FALSE,,,,,,,,,,,,,,,,,,,,,,,,
Waxed Oxidized Cut Copper Stairs,,FALSE,,,,,,,,,,,,,,,,,,,,,,,,
Waxed Oxidized Lightning Rod,,FALSE,,,,,,,,,,,,,,,,,,,,,,,,
Waxed Weathered Chiseled Copper,,FALSE,,,,,,,,,,,,,,,,,,,,,,,,
Waxed Weathered Copper,,FALSE,,,,,,,,,,,,,,,,,,,,,,,,
Waxed Weathered Copper Bars,,FALSE,,,,,,,,,,,,,,,,,,,,,,,,
Waxed Weathered Copper Bulb,,FALSE,,,,,,,,,,,,,,,,,,,,,,,,
Waxed Weathered Copper Chain,,FALSE,,,,,,,,,,,,,,,,,,,,,,,,
Waxed Weathered Copper Chest,,FALSE,,,,,,,,,,,,,,,,,,,,,,,,
Waxed Weathered Copper Door,,FALSE,,,,,,,,,,,,,,,,,,,,,,,,
Waxed Weathered Copper Golem Statue,,FALSE,,,,,,,,,,,,,,,,,,,,,,,,
Waxed Weathered Copper Grate,,FALSE,,,,,,,,,,,,,,,,,,,,,,,,
Waxed Weathered Copper Lantern,,FALSE,,,,,,,,,,,,,,,,,,,,,,,,
Waxed Weathered Copper Trapdoor,,FALSE,,,,,,,,,,,,,,,,,,,,,,,,
Waxed Weathered Cut Copper,,FALSE,,,,,,,,,,,,,,,,,,,,,,,,
Waxed Weathered Cut Copper Slab,,FALSE,,,,,,,,,,,,,,,,,,,,,,,,
Waxed Weathered Cut Copper Stairs,,FALSE,,,,,,,,,,,,,,,,,,,,,,,,
Waxed Weathered Lightning Rod,,FALSE,,,,,,,,,,,,,,,,,,,,,,,,
Weathered Chiseled Copper,,FALSE,,,,,,,,,,,,,,,,,,,,,,,,
Weathered Copper,,FALSE,,,,,,,,,,,,,,,,,,,,,,,,
Weathered Copper Bars,,FALSE,,,,,,,,,,,,,,,,,,,,,,,,
Weathered Copper Bulb,,FALSE,,,,,,,,,,,,,,,,,,,,,,,,
Weathered Copper Chain,,FALSE,,,,,,,,,,,,,,,,,,,,,,,,
Weathered Copper Chest,,FALSE,,,,,,,,,,,,,,,,,,,,,,,,
Weathered Copper Door,,FALSE,,,,,,,,,,,,,,,,,,,,,,,,
Weathered Copper Golem Statue,,FALSE,,,,,,,,,,,,,,,,,,,,,,,,
Weathered Copper Grate,,FALSE,,,,,,,,,,,,,,,,,,,,,,,,
Weathered Copper Lantern,,FALSE,,,,,,,,,,,,,,,,,,,,,,,,
Weathered Copper Trapdoor,,FALSE,,,,,,,,,,,,,,,,,,,,,,,,
Weathered Cut Copper,,FALSE,,,,,,,,,,,,,,,,,,,,,,,,
Weathered Cut Copper Slab,,FALSE,,,,,,,,,,,,,,,,,,,,,,,,
Weathered Cut Copper Stairs,,FALSE,,,,,,,,,,,,,,,,,,,,,,,,
Weathered Lightning Rod,,FALSE,,,,,,,,,,,,,,,,,,,,,,,,
Weeping Vines,,FALSE,,,,,,,,,,,,,,,,,,,,,,,,
Wet Sponge,,FALSE,,,,,,,,,,,,,,,,,,,,,,,,
Wheat,,FALSE,,,,,,,,,,,,,,,,,,,,,,,,
Wheat Seeds,,FALSE,,,,,,,,,,,,,,,,,,,,,,,,
White Banner,,FALSE,,,,,,,,,,,,,,,,,,,,,,,,
White Bed,,FALSE,,,,,,,,,,,,,,,,,,,,,,,,
White Bundle,,FALSE,,,,,,,,,,,,,,,,,,,,,,,,
White Candle,,FALSE,,,,,,,,,,,,,,,,,,,,,,,,
White Carpet,,FALSE,,,,,,,,,,,,,,,,,,,,,,,,
White Concrete,,FALSE,,,,,,,,,,,,,,,,,,,,,,,,
White Concrete Powder,,FALSE,,,,,,,,,,,,,,,,,,,,,,,,
White Dye,,FALSE,,,,,,,,,,,,,,,,,,,,,,,,
White Glazed Terracotta,,FALSE,,,,,,,,,,,,,,,,,,,,,,,,
White Harness,,FALSE,,,,,,,,,,,,,,,,,,,,,,,,
White Shulker Box,,FALSE,,,,,,,,,,,,,,,,,,,,,,,,
White Stained Glass,,FALSE,,,,,,,,,,,,,,,,,,,,,,,,
White Stained Glass Pane,,FALSE,,,,,,,,,,,,,,,,,,,,,,,,
White Terracotta,,FALSE,,,,,,,,,,,,,,,,,,,,,,,,
White Tulip,,FALSE,,,,,,,,,,,,,,,,,,,,,,,,
White Wool,,FALSE,,,,,,,,,,,,,,,,,,,,,,,,
Wildflowers,,FALSE,,,,,,,,,,,,,,,,,,,,,,,,
Wind Charge,,FALSE,,,,,,,,,,,,,,,,,,,,,,,,
Wither Rose,,FALSE,,,,,,,,,,,,,,,,,,,,,,,,
Wither Skeleton Skull,,FALSE,,,,,,,,,,,,,,,,,,,,,,,,
Wolf Armor,,FALSE,,,,,,,,,,,,,,,,,,,,,,,,
Wooden Axe,,FALSE,,,,,,,,,,,,,,,,,,,,,,,,
Wooden Hoe,,FALSE,,,,,,,,,,,,,,,,,,,,,,,,
Wooden Pickaxe,,FALSE,,,,,,,,,,,,,,,,,,,,,,,,
Wooden Shovel,,FALSE,,,,,,,,,,,,,,,,,,,,,,,,
Wooden Spear,,FALSE,,,,,,,,,,,,,,,,,,,,,,,,
Wooden Sword,,FALSE,,,,,,,,,,,,,,,,,,,,,,,,
Woodland Explorer Map,,FALSE,,,,,,,,,,,,,,,,,,,,,,,,
Written Book,,FALSE,,,,,,,,,,,,,,,,,,,,,,,,
Yellow Banner,,FALSE,,,,,,,,,,,,,,,,,,,,,,,,
Yellow Bed,,FALSE,,,,,,,,,,,,,,,,,,,,,,,,
Yellow Bundle,,FALSE,,,,,,,,,,,,,,,,,,,,,,,,
Yellow Candle,,FALSE,,,,,,,,,,,,,,,,,,,,,,,,
Yellow Carpet,,FALSE,,,,,,,,,,,,,,,,,,,,,,,,
Yellow Concrete,,FALSE,,,,,,,,,,,,,,,,,,,,,,,,
Yellow Concrete Powder,,FALSE,,,,,,,,,,,,,,,,,,,,,,,,
Yellow Dye,,FALSE,,,,,,,,,,,,,,,,,,,,,,,,
Yellow Glazed Terracotta,,FALSE,,,,,,,,,,,,,,,,,,,,,,,,
Yellow Harness,,FALSE,,,,,,,,,,,,,,,,,,,,,,,,
Yellow Shulker Box,,FALSE,,,,,,,,,,,,,,,,,,,,,,,,
Yellow Stained Glass,,FALSE,,,,,,,,,,,,,,,,,,,,,,,,
Yellow Stained Glass Pane,,FALSE,,,,,,,,,,,,,,,,,,,,,,,,
Yellow Terracotta,,FALSE,,,,,,,,,,,,,,,,,,,,,,,,
Yellow Wool,,FALSE,,,,,,,,,,,,,,,,,,,,,,,,
Zombie Head,,FALSE,,,,,,,,,,,,,,,,,,,,,,,,